AnoMes,quantidadePix,valorPix,quantidadeTED,valorTED,quantidadeTEC,valorTEC,quantidadeCheque,valorCheque,quantidadeBoleto,valorBoleto,quantidadeDOC,valorDOC
202607,7975139.94,3800592.19,68602.77,4058803.01,0.0,0.0,6607.51,30011.4,341104.26,577982.13,0.0,0.0
202606,7699815.65,3599270.78,64041.78,4235160.17,0.0,0.0,6693.47,30773.59,340587.57,577082.91,0.0,0.0
202605,7854699.48,3478034.84,65540.9,3828232.89,0.0,0.0,6299.28,28997.49,321873.66,541107.26,0.0,0.0
202604,7370602.06,3421732.27,65272.11,4064285.57,0.0,0.0,6667.11,32464.83,326984.42,552159.56,0.0,0.0
202603,7442903.15,3533664.12,69211.12,4196796.01,0.0,0.0,7367.69,32865.28,346881.81,572564.03,0.0,0.0
202602,6606114.79,2996838.9,63710.34,3342672.09,0.0,0.0,6264.06,26618.21,307053.39,487957.93,0.0,0.0
202601,7021997.69,3170990.34,59302.67,3819653.6,0.0,0.0,7053.84,30801.1,315999.89,511645.82,0.0,0.0
202512,7858999.2,3771628.4,77612.7,4632904.84,0.0,0.0,7934.51,33738.32,360617.75,603920.36,0.0,0.0
202511,7161424.75,3122098.39,61980.91,3565384.27,0.0,0.0,7021.35,29207.65,317968.79,513158.5,0.0,0.0
202510,7262044.71,3315978.67,69508.97,3935395.1,0.0,0.0,8133.43,34584.96,347805.9,570061.34,0.0,0.0
202509,6843677.25,3178872.86,67787.76,3935730.15,0.0,0.0,8401.46,36257.82,349079.13,569213.66,0.0,0.0
202508,6965545.33,3033563.78,64506.6,3700999.64,0.0,0.0,7764.15,34009.59,328959.8,522435.28,0.0,0.0
202507,6671770.9,3055518.75,67192.89,3915166.65,0.0,0.0,8507.87,35797.81,353819.55,564569.38,0.0,0.0
202506,6453692.04,2865951.56,61192.05,3728009.92,0.0,0.0,8217.12,34182.86,338127.37,523439.24,0.0,0.0
202505,6632765.22,2818937.95,64178.98,3799492.18,0.0,0.0,8406.19,35833.8,340006.42,532979.61,0.0,0.0
202504,6267333.46,2673358.43,58891.0,3798026.1,0.0,0.0,8454.24,36327.15,341624.79,539022.34,0.0,0.0
202503,6238231.6,2566965.2,61294.83,3683199.49,0.0,0.0,8808.83,35645.95,340788.0,516117.79,0.0,0.0
202502,5598509.94,2429262.08,61949.09,3378764.97,0.0,0.0,8350.17,33019.98,324481.7,488180.37,0.0,0.0
202501,5673012.47,2469941.67,62232.13,3705721.69,0.0,0.0,9199.15,36429.91,338952.59,519244.8,0.0,0.0
202412,6429873.76,2778266.67,75539.52,4248330.27,0.0,0.0,9616.44,37774.51,361042.81,566693.06,0.0,0.0
202411,5794534.99,2456993.87,68004.61,3526411.66,0.0,0.0,9018.91,34430.29,332501.15,512370.3,0.0,0.0
202410,5712448.02,2476793.69,68590.55,3885790.21,0.0,0.0,10202.17,39646.01,362192.91,563986.63,0.0,0.0
202409,5515140.08,2313327.22,66156.06,3730246.74,0.0,0.0,9978.94,39601.85,344698.46,520250.19,0.0,0.0
202408,5639358.01,2326231.16,67581.13,3621022.67,0.0,0.0,10009.39,39142.87,343924.99,519248.33,0.0,0.0
202407,5392806.29,2338132.97,69657.23,3828950.29,0.0,0.0,10942.8,41504.78,366484.15,546660.21,0.0,0.0
202406,5252176.9,2118312.04,64970.94,3544187.49,0.0,0.0,9642.76,36114.74,327754.93,475278.61,0.0,0.0
202405,5204193.37,2103326.01,69023.19,3482037.72,0.0,0.0,10467.85,40133.55,349180.92,506302.82,0.0,0.0
202404,4900457.64,2062609.18,70647.2,3652606.92,0.0,0.0,11179.22,43295.4,361633.28,524619.69,0.0,0.0
202403,4880450.84,1920981.78,67565.09,3333054.72,0.0,0.0,10122.46,36644.55,336435.46,469047.59,0.0,0.0
202402,4344916.74,1703935.27,65805.91,2981226.89,60.01,109.32,10373.38,37076.26,332269.47,463066.01,61.89,34.21
202401,4350076.79,1804382.83,70343.33,3337346.6,387.18,815.94,11919.12,41615.89,363550.32,516702.44,600.76,616.58
202312,4783759.11,1919836.0,80202.34,3629759.48,1152.37,2498.31,11241.91,39208.22,337552.05,484391.91,1412.03,1399.42
202311,4211458.47,1727397.13,74398.41,3135995.22,754.56,1711.45,11866.27,40735.16,345234.36,490503.75,1506.38,1521.77
202310,4050452.35,1652921.87,71870.56,3325168.55,664.92,1578.12,12902.42,46646.9,362721.59,512336.66,1746.38,1763.79
202309,3830813.55,1527905.08,69407.83,3190050.37,483.31,1085.19,11916.38,41653.43,340115.13,471176.87,2636.88,2532.14
202308,3753059.35,1518932.78,76572.62,3406865.07,614.09,1481.22,13113.98,46973.84,360865.3,501254.74,5253.95,3197.77
202307,3533075.01,1422691.71,71737.39,3363338.77,667.68,1589.98,12782.7,43634.75,353354.67,479276.62,4722.99,4401.98
202306,3296854.65,1365761.97,73637.42,3658988.54,710.66,1683.4,12898.39,44354.61,348653.58,475375.14,3810.8,4006.27
202305,3189216.59,1343030.1,76551.74,3772412.45,620.33,1492.52,14171.91,50982.54,366029.09,509111.41,4139.19,4971.97
202304,2910507.63,1191585.15,69286.78,3234549.45,661.7,1594.82,12188.2,43399.52,326293.01,443418.56,2378.17,2279.99
202303,3001955.59,1280323.99,80528.87,3635596.89,680.54,1584.04,13763.41,55997.48,362664.11,487777.17,2595.33,2565.47
202302,2539124.04,1055639.04,70232.83,2889422.93,645.05,1512.53,12393.22,50947.11,325643.69,427177.9,2436.12,2367.58
202301,2575313.68,1111232.54,77982.34,3394583.49,632.37,1438.59,14091.41,46687.43,357005.85,479459.52,2499.45,2534.06
202212,2872229.03,1221189.67,91361.54,3810324.55,1272.38,2757.91,14246.95,47529.19,349044.0,478219.38,3211.72,3117.79
202211,2498449.43,1075310.97,83094.38,3323697.77,602.37,1316.4,14501.4,48575.49,349118.91,473580.19,3248.99,3187.94
202210,2436486.47,1046413.03,79833.93,3248099.31,657.19,1535.22,14985.6,49550.28,353610.13,477418.67,3411.03,3278.9
202209,2287655.11,1019526.37,85504.31,3471556.34,483.81,1073.51,15454.12,52438.11,350208.81,475684.01,4247.83,4047.07
202208,2180316.37,983789.49,88850.51,3587442.45,440.6,973.35,16827.09,57856.85,373212.23,505529.0,6694.35,6367.15
202207,2060630.59,933098.09,82325.31,3378764.36,753.36,1688.6,15237.06,50103.61,342147.16,450111.25,7105.1,6692.24
202206,1925887.77,888818.17,84009.11,3541847.8,692.63,1615.03,15759.32,51717.74,350345.01,460839.19,6785.49,6596.06
202205,1856767.98,882394.8,87854.94,3695833.5,714.97,1619.31,16857.13,56889.59,364436.61,480056.55,7014.02,6799.14
202204,1664792.46,772171.43,82723.74,3211893.37,704.51,1551.8,15144.47,49618.47,334954.82,431871.09,4105.58,3686.33
202203,1598295.91,787017.65,93022.24,3583365.23,582.01,1277.27,18276.79,58871.56,380679.53,475829.92,4906.23,4354.95
202202,1367497.83,644475.7,79412.96,2880855.45,537.39,1147.26,14059.59,42796.67,308925.15,370347.17,4095.13,3701.32
202201,1284230.01,636333.2,84458.74,3042937.65,675.96,1441.29,16195.58,47613.5,343641.99,420659.17,4193.62,3920.09
202112,1442212.36,714884.43,105998.02,3670235.48,1305.51,2524.43,18159.22,54523.81,357708.47,452537.25,5017.86,4698.79
202111,1226445.29,620923.1,96520.8,3046202.31,691.57,1416.04,18274.71,53233.05,361368.8,443844.71,5648.19,4725.76
202110,1167627.95,580611.15,91544.91,3090855.32,681.7,1495.72,17160.27,49988.27,342504.64,412222.98,6050.76,4742.44
202109,1028427.24,553183.59,94312.02,3089309.13,624.11,1330.64,17902.58,52527.15,349225.18,420768.07,6205.63,5002.1
202108,961033.47,529325.7,99440.21,3159715.32,402.95,790.52,18734.59,55032.48,360595.99,427123.67,10095.59,8283.09
202107,873876.23,474406.92,102448.1,3008021.83,763.01,1562.97,18196.26,52678.84,349844.73,404147.44,11366.75,9021.56
202106,735299.77,416301.68,107582.53,2980596.44,696.15,1464.76,18254.45,53161.69,342773.47,393852.08,10902.82,8958.66
202105,641530.48,376521.08,110651.8,2819281.6,489.86,983.25,18456.48,54201.28,341731.09,389564.26,10221.54,8444.29
202104,494733.64,312912.45,110989.05,2735892.74,693.38,1446.8,18441.84,52999.98,335530.74,374186.91,7535.06,5755.89
202103,389558.55,273005.19,119890.41,3083743.42,638.88,1272.87,21076.69,57274.71,358045.89,399875.9,8589.92,6559.22
202102,273167.83,195464.5,111617.8,2381021.03,740.59,1497.1,17997.84,46939.4,306432.32,338584.62,8622.89,6384.33
202101,199611.49,156576.83,119389.99,2406059.95,801.69,1582.47,18870.96,47363.18,314232.62,351809.62,14474.54,8834.15
202012,143339.29,120697.92,189261.59,2935690.91,1043.65,2065.64,22020.43,55376.12,353636.58,394356.67,16774.77,11369.78
202011,32867.36,29196.99,191703.38,2571188.87,750.55,1485.96,21885.21,52526.06,350564.46,375573.9,22362.97,13980.28
202607,7975139.94,3800592.19,68602.77,4058803.01,0.0,0.0,6607.51,30011.4,341104.26,577982.13,0.0,0.0
202606,7699815.65,3599270.78,64041.78,4235160.17,0.0,0.0,6693.47,30773.59,340587.57,577082.91,0.0,0.0
202605,7854699.48,3478034.84,65540.9,3828232.89,0.0,0.0,6299.28,28997.49,321873.66,541107.26,0.0,0.0
202604,7370602.06,3421732.27,65272.11,4064285.57,0.0,0.0,6667.11,32464.83,326984.42,552159.56,0.0,0.0
202603,7442903.15,3533664.12,69211.12,4196796.01,0.0,0.0,7367.69,32865.28,346881.81,572564.03,0.0,0.0
202602,6606114.79,2996838.9,63710.34,3342672.09,0.0,0.0,6264.06,26618.21,307053.39,487957.93,0.0,0.0
202601,7021997.69,3170990.34,59302.67,3819653.6,0.0,0.0,7053.84,30801.1,315999.89,511645.82,0.0,0.0
202512,7858999.2,3771628.4,77612.7,4632904.84,0.0,0.0,7934.51,33738.32,360617.75,603920.36,0.0,0.0
202511,7161424.75,3122098.39,61980.91,3565384.27,0.0,0.0,7021.35,29207.65,317968.79,513158.5,0.0,0.0
202510,7262044.71,3315978.67,69508.97,3935395.1,0.0,0.0,8133.43,34584.96,347805.9,570061.34,0.0,0.0
202509,6843677.25,3178872.86,67787.76,3935730.15,0.0,0.0,8401.46,36257.82,349079.13,569213.66,0.0,0.0
202508,6965545.33,3033563.78,64506.6,3700999.64,0.0,0.0,7764.15,34009.59,328959.8,522435.28,0.0,0.0
202507,6671770.9,3055518.75,67192.89,3915166.65,0.0,0.0,8507.87,35797.81,353819.55,564569.38,0.0,0.0
202506,6453692.04,2865951.56,61192.05,3728009.92,0.0,0.0,8217.12,34182.86,338127.37,523439.24,0.0,0.0
202505,6632765.22,2818937.95,64178.98,3799492.18,0.0,0.0,8406.19,35833.8,340006.42,532979.61,0.0,0.0
202504,6267333.46,2673358.43,58891.0,3798026.1,0.0,0.0,8454.24,36327.15,341624.79,539022.34,0.0,0.0
202503,6238231.6,2566965.2,61294.83,3683199.49,0.0,0.0,8808.83,35645.95,340788.0,516117.79,0.0,0.0
202502,5598509.94,2429262.08,61949.09,3378764.97,0.0,0.0,8350.17,33019.98,324481.7,488180.37,0.0,0.0
202501,5673012.47,2469941.67,62232.13,3705721.69,0.0,0.0,9199.15,36429.91,338952.59,519244.8,0.0,0.0
202412,6429873.76,2778266.67,75539.52,4248330.27,0.0,0.0,9616.44,37774.51,361042.81,566693.06,0.0,0.0
202411,5794534.99,2456993.87,68004.61,3526411.66,0.0,0.0,9018.91,34430.29,332501.15,512370.3,0.0,0.0
202410,5712448.02,2476793.69,68590.55,3885790.21,0.0,0.0,10202.17,39646.01,362192.91,563986.63,0.0,0.0
202409,5515140.08,2313327.22,66156.06,3730246.74,0.0,0.0,9978.94,39601.85,344698.46,520250.19,0.0,0.0
202408,5639358.01,2326231.16,67581.13,3621022.67,0.0,0.0,10009.39,39142.87,343924.99,519248.33,0.0,0.0
202407,5392806.29,2338132.97,69657.23,3828950.29,0.0,0.0,10942.8,41504.78,366484.15,546660.21,0.0,0.0
202406,5252176.9,2118312.04,64970.94,3544187.49,0.0,0.0,9642.76,36114.74,327754.93,475278.61,0.0,0.0
202405,5204193.37,2103326.01,69023.19,3482037.72,0.0,0.0,10467.85,40133.55,349180.92,506302.82,0.0,0.0
202404,4900457.64,2062609.18,70647.2,3652606.92,0.0,0.0,11179.22,43295.4,361633.28,524619.69,0.0,0.0
202403,4880450.84,1920981.78,67565.09,3333054.72,0.0,0.0,10122.46,36644.55,336435.46,469047.59,0.0,0.0
202402,4344916.74,1703935.27,65805.91,2981226.89,60.01,109.32,10373.38,37076.26,332269.47,463066.01,61.89,34.21
202401,4350076.79,1804382.83,70343.33,3337346.6,387.18,815.94,11919.12,41615.89,363550.32,516702.44,600.76,616.58
202312,4783759.11,1919836.0,80202.34,3629759.48,1152.37,2498.31,11241.91,39208.22,337552.05,484391.91,1412.03,1399.42
202311,4211458.47,1727397.13,74398.41,3135995.22,754.56,1711.45,11866.27,40735.16,345234.36,490503.75,1506.38,1521.77
202310,4050452.35,1652921.87,71870.56,3325168.55,664.92,1578.12,12902.42,46646.9,362721.59,512336.66,1746.38,1763.79
202309,3830813.55,1527905.08,69407.83,3190050.37,483.31,1085.19,11916.38,41653.43,340115.13,471176.87,2636.88,2532.14
202308,3753059.35,1518932.78,76572.62,3406865.07,614.09,1481.22,13113.98,46973.84,360865.3,501254.74,5253.95,3197.77
202307,3533075.01,1422691.71,71737.39,3363338.77,667.68,1589.98,12782.7,43634.75,353354.67,479276.62,4722.99,4401.98
202306,3296854.65,1365761.97,73637.42,3658988.54,710.66,1683.4,12898.39,44354.61,348653.58,475375.14,3810.8,4006.27
202305,3189216.59,1343030.1,76551.74,3772412.45,620.33,1492.52,14171.91,50982.54,366029.09,509111.41,4139.19,4971.97
202304,2910507.63,1191585.15,69286.78,3234549.45,661.7,1594.82,12188.2,43399.52,326293.01,443418.56,2378.17,2279.99
202303,3001955.59,1280323.99,80528.87,3635596.89,680.54,1584.04,13763.41,55997.48,362664.11,487777.17,2595.33,2565.47
202302,2539124.04,1055639.04,70232.83,2889422.93,645.05,1512.53,12393.22,50947.11,325643.69,427177.9,2436.12,2367.58
202301,2575313.68,1111232.54,77982.34,3394583.49,632.37,1438.59,14091.41,46687.43,357005.85,479459.52,2499.45,2534.06
202212,2872229.03,1221189.67,91361.54,3810324.55,1272.38,2757.91,14246.95,47529.19,349044.0,478219.38,3211.72,3117.79
202211,2498449.43,1075310.97,83094.38,3323697.77,602.37,1316.4,14501.4,48575.49,349118.91,473580.19,3248.99,3187.94
202210,2436486.47,1046413.03,79833.93,3248099.31,657.19,1535.22,14985.6,49550.28,353610.13,477418.67,3411.03,3278.9
202209,2287655.11,1019526.37,85504.31,3471556.34,483.81,1073.51,15454.12,52438.11,350208.81,475684.01,4247.83,4047.07
202208,2180316.37,983789.49,88850.51,3587442.45,440.6,973.35,16827.09,57856.85,373212.23,505529.0,6694.35,6367.15
202207,2060630.59,933098.09,82325.31,3378764.36,753.36,1688.6,15237.06,50103.61,342147.16,450111.25,7105.1,6692.24
202206,1925887.77,888818.17,84009.11,3541847.8,692.63,1615.03,15759.32,51717.74,350345.01,460839.19,6785.49,6596.06
202205,1856767.98,882394.8,87854.94,3695833.5,714.97,1619.31,16857.13,56889.59,364436.61,480056.55,7014.02,6799.14
202204,1664792.46,772171.43,82723.74,3211893.37,704.51,1551.8,15144.47,49618.47,334954.82,431871.09,4105.58,3686.33
202203,1598295.91,787017.65,93022.24,3583365.23,582.01,1277.27,18276.79,58871.56,380679.53,475829.92,4906.23,4354.95
202202,1367497.83,644475.7,79412.96,2880855.45,537.39,1147.26,14059.59,42796.67,308925.15,370347.17,4095.13,3701.32
202201,1284230.01,636333.2,84458.74,3042937.65,675.96,1441.29,16195.58,47613.5,343641.99,420659.17,4193.62,3920.09
202112,1442212.36,714884.43,105998.02,3670235.48,1305.51,2524.43,18159.22,54523.81,357708.47,452537.25,5017.86,4698.79
202111,1226445.29,620923.1,96520.8,3046202.31,691.57,1416.04,18274.71,53233.05,361368.8,443844.71,5648.19,4725.76
202110,1167627.95,580611.15,91544.91,3090855.32,681.7,1495.72,17160.27,49988.27,342504.64,412222.98,6050.76,4742.44
202109,1028427.24,553183.59,94312.02,3089309.13,624.11,1330.64,17902.58,52527.15,349225.18,420768.07,6205.63,5002.1
202108,961033.47,529325.7,99440.21,3159715.32,402.95,790.52,18734.59,55032.48,360595.99,427123.67,10095.59,8283.09
202107,873876.23,474406.92,102448.1,3008021.83,763.01,1562.97,18196.26,52678.84,349844.73,404147.44,11366.75,9021.56
202106,735299.77,416301.68,107582.53,2980596.44,696.15,1464.76,18254.45,53161.69,342773.47,393852.08,10902.82,8958.66
202105,641530.48,376521.08,110651.8,2819281.6,489.86,983.25,18456.48,54201.28,341731.09,389564.26,10221.54,8444.29
202104,494733.64,312912.45,110989.05,2735892.74,693.38,1446.8,18441.84,52999.98,335530.74,374186.91,7535.06,5755.89
202103,389558.55,273005.19,119890.41,3083743.42,638.88,1272.87,21076.69,57274.71,358045.89,399875.9,8589.92,6559.22
202102,273167.83,195464.5,111617.8,2381021.03,740.59,1497.1,17997.84,46939.4,306432.32,338584.62,8622.89,6384.33
202101,199611.49,156576.83,119389.99,2406059.95,801.69,1582.47,18870.96,47363.18,314232.62,351809.62,14474.54,8834.15
202012,143339.29,120697.92,189261.59,2935690.91,1043.65,2065.64,22020.43,55376.12,353636.58,394356.67,16774.77,11369.78
202607,7975139.94,3800592.19,68602.77,4058803.01,0.0,0.0,6607.51,30011.4,341104.26,577982.13,0.0,0.0
202606,7699815.65,3599270.78,64041.78,4235160.17,0.0,0.0,6693.47,30773.59,340587.57,577082.91,0.0,0.0
202605,7854699.48,3478034.84,65540.9,3828232.89,0.0,0.0,6299.28,28997.49,321873.66,541107.26,0.0,0.0
202604,7370602.06,3421732.27,65272.11,4064285.57,0.0,0.0,6667.11,32464.83,326984.42,552159.56,0.0,0.0
202603,7442903.15,3533664.12,69211.12,4196796.01,0.0,0.0,7367.69,32865.28,346881.81,572564.03,0.0,0.0
202602,6606114.79,2996838.9,63710.34,3342672.09,0.0,0.0,6264.06,26618.21,307053.39,487957.93,0.0,0.0
202601,7021997.69,3170990.34,59302.67,3819653.6,0.0,0.0,7053.84,30801.1,315999.89,511645.82,0.0,0.0
202512,7858999.2,3771628.4,77612.7,4632904.84,0.0,0.0,7934.51,33738.32,360617.75,603920.36,0.0,0.0
202511,7161424.75,3122098.39,61980.91,3565384.27,0.0,0.0,7021.35,29207.65,317968.79,513158.5,0.0,0.0
202510,7262044.71,3315978.67,69508.97,3935395.1,0.0,0.0,8133.43,34584.96,347805.9,570061.34,0.0,0.0
202509,6843677.25,3178872.86,67787.76,3935730.15,0.0,0.0,8401.46,36257.82,349079.13,569213.66,0.0,0.0
202508,6965545.33,3033563.78,64506.6,3700999.64,0.0,0.0,7764.15,34009.59,328959.8,522435.28,0.0,0.0
202507,6671770.9,3055518.75,67192.89,3915166.65,0.0,0.0,8507.87,35797.81,353819.55,564569.38,0.0,0.0
202506,6453692.04,2865951.56,61192.05,3728009.92,0.0,0.0,8217.12,34182.86,338127.37,523439.24,0.0,0.0
202505,6632765.22,2818937.95,64178.98,3799492.18,0.0,0.0,8406.19,35833.8,340006.42,532979.61,0.0,0.0
202504,6267333.46,2673358.43,58891.0,3798026.1,0.0,0.0,8454.24,36327.15,341624.79,539022.34,0.0,0.0
202503,6238231.6,2566965.2,61294.83,3683199.49,0.0,0.0,8808.83,35645.95,340788.0,516117.79,0.0,0.0
202502,5598509.94,2429262.08,61949.09,3378764.97,0.0,0.0,8350.17,33019.98,324481.7,488180.37,0.0,0.0
202501,5673012.47,2469941.67,62232.13,3705721.69,0.0,0.0,9199.15,36429.91,338952.59,519244.8,0.0,0.0
202412,6429873.76,2778266.67,75539.52,4248330.27,0.0,0.0,9616.44,37774.51,361042.81,566693.06,0.0,0.0
202411,5794534.99,2456993.87,68004.61,3526411.66,0.0,0.0,9018.91,34430.29,332501.15,512370.3,0.0,0.0
202410,5712448.02,2476793.69,68590.55,3885790.21,0.0,0.0,10202.17,39646.01,362192.91,563986.63,0.0,0.0
202409,5515140.08,2313327.22,66156.06,3730246.74,0.0,0.0,9978.94,39601.85,344698.46,520250.19,0.0,0.0
202408,5639358.01,2326231.16,67581.13,3621022.67,0.0,0.0,10009.39,39142.87,343924.99,519248.33,0.0,0.0
202407,5392806.29,2338132.97,69657.23,3828950.29,0.0,0.0,10942.8,41504.78,366484.15,546660.21,0.0,0.0
202406,5252176.9,2118312.04,64970.94,3544187.49,0.0,0.0,9642.76,36114.74,327754.93,475278.61,0.0,0.0
202405,5204193.37,2103326.01,69023.19,3482037.72,0.0,0.0,10467.85,40133.55,349180.92,506302.82,0.0,0.0
202404,4900457.64,2062609.18,70647.2,3652606.92,0.0,0.0,11179.22,43295.4,361633.28,524619.69,0.0,0.0
202403,4880450.84,1920981.78,67565.09,3333054.72,0.0,0.0,10122.46,36644.55,336435.46,469047.59,0.0,0.0
202402,4344916.74,1703935.27,65805.91,2981226.89,60.01,109.32,10373.38,37076.26,332269.47,463066.01,61.89,34.21
202401,4350076.79,1804382.83,70343.33,3337346.6,387.18,815.94,11919.12,41615.89,363550.32,516702.44,600.76,616.58
202312,4783759.11,1919836.0,80202.34,3629759.48,1152.37,2498.31,11241.91,39208.22,337552.05,484391.91,1412.03,1399.42
202311,4211458.47,1727397.13,74398.41,3135995.22,754.56,1711.45,11866.27,40735.16,345234.36,490503.75,1506.38,1521.77
202310,4050452.35,1652921.87,71870.56,3325168.55,664.92,1578.12,12902.42,46646.9,362721.59,512336.66,1746.38,1763.79
202309,3830813.55,1527905.08,69407.83,3190050.37,483.31,1085.19,11916.38,41653.43,340115.13,471176.87,2636.88,2532.14
202308,3753059.35,1518932.78,76572.62,3406865.07,614.09,1481.22,13113.98,46973.84,360865.3,501254.74,5253.95,3197.77
202307,3533075.01,1422691.71,71737.39,3363338.77,667.68,1589.98,12782.7,43634.75,353354.67,479276.62,4722.99,4401.98
202306,3296854.65,1365761.97,73637.42,3658988.54,710.66,1683.4,12898.39,44354.61,348653.58,475375.14,3810.8,4006.27
202305,3189216.59,1343030.1,76551.74,3772412.45,620.33,1492.52,14171.91,50982.54,366029.09,509111.41,4139.19,4971.97
202304,2910507.63,1191585.15,69286.78,3234549.45,661.7,1594.82,12188.2,43399.52,326293.01,443418.56,2378.17,2279.99
202303,3001955.59,1280323.99,80528.87,3635596.89,680.54,1584.04,13763.41,55997.48,362664.11,487777.17,2595.33,2565.47
202302,2539124.04,1055639.04,70232.83,2889422.93,645.05,1512.53,12393.22,50947.11,325643.69,427177.9,2436.12,2367.58
202301,2575313.68,1111232.54,77982.34,3394583.49,632.37,1438.59,14091.41,46687.43,357005.85,479459.52,2499.45,2534.06
202212,2872229.03,1221189.67,91361.54,3810324.55,1272.38,2757.91,14246.95,47529.19,349044.0,478219.38,3211.72,3117.79
202211,2498449.43,1075310.97,83094.38,3323697.77,602.37,1316.4,14501.4,48575.49,349118.91,473580.19,3248.99,3187.94
202210,2436486.47,1046413.03,79833.93,3248099.31,657.19,1535.22,14985.6,49550.28,353610.13,477418.67,3411.03,3278.9
202209,2287655.11,1019526.37,85504.31,3471556.34,483.81,1073.51,15454.12,52438.11,350208.81,475684.01,4247.83,4047.07
202208,2180316.37,983789.49,88850.51,3587442.45,440.6,973.35,16827.09,57856.85,373212.23,505529.0,6694.35,6367.15
202207,2060630.59,933098.09,82325.31,3378764.36,753.36,1688.6,15237.06,50103.61,342147.16,450111.25,7105.1,6692.24
202206,1925887.77,888818.17,84009.11,3541847.8,692.63,1615.03,15759.32,51717.74,350345.01,460839.19,6785.49,6596.06
202205,1856767.98,882394.8,87854.94,3695833.5,714.97,1619.31,16857.13,56889.59,364436.61,480056.55,7014.02,6799.14
202204,1664792.46,772171.43,82723.74,3211893.37,704.51,1551.8,15144.47,49618.47,334954.82,431871.09,4105.58,3686.33
202203,1598295.91,787017.65,93022.24,3583365.23,582.01,1277.27,18276.79,58871.56,380679.53,475829.92,4906.23,4354.95
202202,1367497.83,644475.7,79412.96,2880855.45,537.39,1147.26,14059.59,42796.67,308925.15,370347.17,4095.13,3701.32
202201,1284230.01,636333.2,84458.74,3042937.65,675.96,1441.29,16195.58,47613.5,343641.99,420659.17,4193.62,3920.09
202112,1442212.36,714884.43,105998.02,3670235.48,1305.51,2524.43,18159.22,54523.81,357708.47,452537.25,5017.86,4698.79
202111,1226445.29,620923.1,96520.8,3046202.31,691.57,1416.04,18274.71,53233.05,361368.8,443844.71,5648.19,4725.76
202110,1167627.95,580611.15,91544.91,3090855.32,681.7,1495.72,17160.27,49988.27,342504.64,412222.98,6050.76,4742.44
202109,1028427.24,553183.59,94312.02,3089309.13,624.11,1330.64,17902.58,52527.15,349225.18,420768.07,6205.63,5002.1
202108,961033.47,529325.7,99440.21,3159715.32,402.95,790.52,18734.59,55032.48,360595.99,427123.67,10095.59,8283.09
202107,873876.23,474406.92,102448.1,3008021.83,763.01,1562.97,18196.26,52678.84,349844.73,404147.44,11366.75,9021.56
202106,735299.77,416301.68,107582.53,2980596.44,696.15,1464.76,18254.45,53161.69,342773.47,393852.08,10902.82,8958.66
202105,641530.48,376521.08,110651.8,2819281.6,489.86,983.25,18456.48,54201.28,341731.09,389564.26,10221.54,8444.29
202104,494733.64,312912.45,110989.05,2735892.74,693.38,1446.8,18441.84,52999.98,335530.74,374186.91,7535.06,5755.89
202103,389558.55,273005.19,119890.41,3083743.42,638.88,1272.87,21076.69,57274.71,358045.89,399875.9,8589.92,6559.22
202102,273167.83,195464.5,111617.8,2381021.03,740.59,1497.1,17997.84,46939.4,306432.32,338584.62,8622.89,6384.33
202101,199611.49,156576.83,119389.99,2406059.95,801.69,1582.47,18870.96,47363.18,314232.62,351809.62,14474.54,8834.15
202607,7975139.94,3800592.19,68602.77,4058803.01,0.0,0.0,6607.51,30011.4,341104.26,577982.13,0.0,0.0
202606,7699815.65,3599270.78,64041.78,4235160.17,0.0,0.0,6693.47,30773.59,340587.57,577082.91,0.0,0.0
202605,7854699.48,3478034.84,65540.9,3828232.89,0.0,0.0,6299.28,28997.49,321873.66,541107.26,0.0,0.0
202604,7370602.06,3421732.27,65272.11,4064285.57,0.0,0.0,6667.11,32464.83,326984.42,552159.56,0.0,0.0
202603,7442903.15,3533664.12,69211.12,4196796.01,0.0,0.0,7367.69,32865.28,346881.81,572564.03,0.0,0.0
202602,6606114.79,2996838.9,63710.34,3342672.09,0.0,0.0,6264.06,26618.21,307053.39,487957.93,0.0,0.0
202601,7021997.69,3170990.34,59302.67,3819653.6,0.0,0.0,7053.84,30801.1,315999.89,511645.82,0.0,0.0
202512,7858999.2,3771628.4,77612.7,4632904.84,0.0,0.0,7934.51,33738.32,360617.75,603920.36,0.0,0.0
202511,7161424.75,3122098.39,61980.91,3565384.27,0.0,0.0,7021.35,29207.65,317968.79,513158.5,0.0,0.0
202510,7262044.71,3315978.67,69508.97,3935395.1,0.0,0.0,8133.43,34584.96,347805.9,570061.34,0.0,0.0
202509,6843677.25,3178872.86,67787.76,3935730.15,0.0,0.0,8401.46,36257.82,349079.13,569213.66,0.0,0.0
202508,6965545.33,3033563.78,64506.6,3700999.64,0.0,0.0,7764.15,34009.59,328959.8,522435.28,0.0,0.0
202507,6671770.9,3055518.75,67192.89,3915166.65,0.0,0.0,8507.87,35797.81,353819.55,564569.38,0.0,0.0
202506,6453692.04,2865951.56,61192.05,3728009.92,0.0,0.0,8217.12,34182.86,338127.37,523439.24,0.0,0.0
202505,6632765.22,2818937.95,64178.98,3799492.18,0.0,0.0,8406.19,35833.8,340006.42,532979.61,0.0,0.0
202504,6267333.46,2673358.43,58891.0,3798026.1,0.0,0.0,8454.24,36327.15,341624.79,539022.34,0.0,0.0
202503,6238231.6,2566965.2,61294.83,3683199.49,0.0,0.0,8808.83,35645.95,340788.0,516117.79,0.0,0.0
202502,5598509.94,2429262.08,61949.09,3378764.97,0.0,0.0,8350.17,33019.98,324481.7,488180.37,0.0,0.0
202501,5673012.47,2469941.67,62232.13,3705721.69,0.0,0.0,9199.15,36429.91,338952.59,519244.8,0.0,0.0
202412,6429873.76,2778266.67,75539.52,4248330.27,0.0,0.0,9616.44,37774.51,361042.81,566693.06,0.0,0.0
202411,5794534.99,2456993.87,68004.61,3526411.66,0.0,0.0,9018.91,34430.29,332501.15,512370.3,0.0,0.0
202410,5712448.02,2476793.69,68590.55,3885790.21,0.0,0.0,10202.17,39646.01,362192.91,563986.63,0.0,0.0
202409,5515140.08,2313327.22,66156.06,3730246.74,0.0,0.0,9978.94,39601.85,344698.46,520250.19,0.0,0.0
202408,5639358.01,2326231.16,67581.13,3621022.67,0.0,0.0,10009.39,39142.87,343924.99,519248.33,0.0,0.0
202407,5392806.29,2338132.97,69657.23,3828950.29,0.0,0.0,10942.8,41504.78,366484.15,546660.21,0.0,0.0
202406,5252176.9,2118312.04,64970.94,3544187.49,0.0,0.0,9642.76,36114.74,327754.93,475278.61,0.0,0.0
202405,5204193.37,2103326.01,69023.19,3482037.72,0.0,0.0,10467.85,40133.55,349180.92,506302.82,0.0,0.0
202404,4900457.64,2062609.18,70647.2,3652606.92,0.0,0.0,11179.22,43295.4,361633.28,524619.69,0.0,0.0
202403,4880450.84,1920981.78,67565.09,3333054.72,0.0,0.0,10122.46,36644.55,336435.46,469047.59,0.0,0.0
202402,4344916.74,1703935.27,65805.91,2981226.89,60.01,109.32,10373.38,37076.26,332269.47,463066.01,61.89,34.21
202401,4350076.79,1804382.83,70343.33,3337346.6,387.18,815.94,11919.12,41615.89,363550.32,516702.44,600.76,616.58
202312,4783759.11,1919836.0,80202.34,3629759.48,1152.37,2498.31,11241.91,39208.22,337552.05,484391.91,1412.03,1399.42
202311,4211458.47,1727397.13,74398.41,3135995.22,754.56,1711.45,11866.27,40735.16,345234.36,490503.75,1506.38,1521.77
202310,4050452.35,1652921.87,71870.56,3325168.55,664.92,1578.12,12902.42,46646.9,362721.59,512336.66,1746.38,1763.79
202309,3830813.55,1527905.08,69407.83,3190050.37,483.31,1085.19,11916.38,41653.43,340115.13,471176.87,2636.88,2532.14
202308,3753059.35,1518932.78,76572.62,3406865.07,614.09,1481.22,13113.98,46973.84,360865.3,501254.74,5253.95,3197.77
202307,3533075.01,1422691.71,71737.39,3363338.77,667.68,1589.98,12782.7,43634.75,353354.67,479276.62,4722.99,4401.98
202306,3296854.65,1365761.97,73637.42,3658988.54,710.66,1683.4,12898.39,44354.61,348653.58,475375.14,3810.8,4006.27
202305,3189216.59,1343030.1,76551.74,3772412.45,620.33,1492.52,14171.91,50982.54,366029.09,509111.41,4139.19,4971.97
202304,2910507.63,1191585.15,69286.78,3234549.45,661.7,1594.82,12188.2,43399.52,326293.01,443418.56,2378.17,2279.99
202303,3001955.59,1280323.99,80528.87,3635596.89,680.54,1584.04,13763.41,55997.48,362664.11,487777.17,2595.33,2565.47
202302,2539124.04,1055639.04,70232.83,2889422.93,645.05,1512.53,12393.22,50947.11,325643.69,427177.9,2436.12,2367.58
202301,2575313.68,1111232.54,77982.34,3394583.49,632.37,1438.59,14091.41,46687.43,357005.85,479459.52,2499.45,2534.06
202212,2872229.03,1221189.67,91361.54,3810324.55,1272.38,2757.91,14246.95,47529.19,349044.0,478219.38,3211.72,3117.79
202211,2498449.43,1075310.97,83094.38,3323697.77,602.37,1316.4,14501.4,48575.49,349118.91,473580.19,3248.99,3187.94
202210,2436486.47,1046413.03,79833.93,3248099.31,657.19,1535.22,14985.6,49550.28,353610.13,477418.67,3411.03,3278.9
202209,2287655.11,1019526.37,85504.31,3471556.34,483.81,1073.51,15454.12,52438.11,350208.81,475684.01,4247.83,4047.07
202208,2180316.37,983789.49,88850.51,3587442.45,440.6,973.35,16827.09,57856.85,373212.23,505529.0,6694.35,6367.15
202207,2060630.59,933098.09,82325.31,3378764.36,753.36,1688.6,15237.06,50103.61,342147.16,450111.25,7105.1,6692.24
202206,1925887.77,888818.17,84009.11,3541847.8,692.63,1615.03,15759.32,51717.74,350345.01,460839.19,6785.49,6596.06
202205,1856767.98,882394.8,87854.94,3695833.5,714.97,1619.31,16857.13,56889.59,364436.61,480056.55,7014.02,6799.14
202204,1664792.46,772171.43,82723.74,3211893.37,704.51,1551.8,15144.47,49618.47,334954.82,431871.09,4105.58,3686.33
202203,1598295.91,787017.65,93022.24,3583365.23,582.01,1277.27,18276.79,58871.56,380679.53,475829.92,4906.23,4354.95
202202,1367497.83,644475.7,79412.96,2880855.45,537.39,1147.26,14059.59,42796.67,308925.15,370347.17,4095.13,3701.32
202201,1284230.01,636333.2,84458.74,3042937.65,675.96,1441.29,16195.58,47613.5,343641.99,420659.17,4193.62,3920.09
202112,1442212.36,714884.43,105998.02,3670235.48,1305.51,2524.43,18159.22,54523.81,357708.47,452537.25,5017.86,4698.79
202111,1226445.29,620923.1,96520.8,3046202.31,691.57,1416.04,18274.71,53233.05,361368.8,443844.71,5648.19,4725.76
202110,1167627.95,580611.15,91544.91,3090855.32,681.7,1495.72,17160.27,49988.27,342504.64,412222.98,6050.76,4742.44
202109,1028427.24,553183.59,94312.02,3089309.13,624.11,1330.64,17902.58,52527.15,349225.18,420768.07,6205.63,5002.1
202108,961033.47,529325.7,99440.21,3159715.32,402.95,790.52,18734.59,55032.48,360595.99,427123.67,10095.59,8283.09
202107,873876.23,474406.92,102448.1,3008021.83,763.01,1562.97,18196.26,52678.84,349844.73,404147.44,11366.75,9021.56
202106,735299.77,416301.68,107582.53,2980596.44,696.15,1464.76,18254.45,53161.69,342773.47,393852.08,10902.82,8958.66
202105,641530.48,376521.08,110651.8,2819281.6,489.86,983.25,18456.48,54201.28,341731.09,389564.26,10221.54,8444.29
202104,494733.64,312912.45,110989.05,2735892.74,693.38,1446.8,18441.84,52999.98,335530.74,374186.91,7535.06,5755.89
202103,389558.55,273005.19,119890.41,3083743.42,638.88,1272.87,21076.69,57274.71,358045.89,399875.9,8589.92,6559.22
202102,273167.83,195464.5,111617.8,2381021.03,740.59,1497.1,17997.84,46939.4,306432.32,338584.62,8622.89,6384.33
202607,7975139.94,3800592.19,68602.77,4058803.01,0.0,0.0,6607.51,30011.4,341104.26,577982.13,0.0,0.0
202606,7699815.65,3599270.78,64041.78,4235160.17,0.0,0.0,6693.47,30773.59,340587.57,577082.91,0.0,0.0
202605,7854699.48,3478034.84,65540.9,3828232.89,0.0,0.0,6299.28,28997.49,321873.66,541107.26,0.0,0.0
202604,7370602.06,3421732.27,65272.11,4064285.57,0.0,0.0,6667.11,32464.83,326984.42,552159.56,0.0,0.0
202603,7442903.15,3533664.12,69211.12,4196796.01,0.0,0.0,7367.69,32865.28,346881.81,572564.03,0.0,0.0
202602,6606114.79,2996838.9,63710.34,3342672.09,0.0,0.0,6264.06,26618.21,307053.39,487957.93,0.0,0.0
202601,7021997.69,3170990.34,59302.67,3819653.6,0.0,0.0,7053.84,30801.1,315999.89,511645.82,0.0,0.0
202512,7858999.2,3771628.4,77612.7,4632904.84,0.0,0.0,7934.51,33738.32,360617.75,603920.36,0.0,0.0
202511,7161424.75,3122098.39,61980.91,3565384.27,0.0,0.0,7021.35,29207.65,317968.79,513158.5,0.0,0.0
202510,7262044.71,3315978.67,69508.97,3935395.1,0.0,0.0,8133.43,34584.96,347805.9,570061.34,0.0,0.0
202509,6843677.25,3178872.86,67787.76,3935730.15,0.0,0.0,8401.46,36257.82,349079.13,569213.66,0.0,0.0
202508,6965545.33,3033563.78,64506.6,3700999.64,0.0,0.0,7764.15,34009.59,328959.8,522435.28,0.0,0.0
202507,6671770.9,3055518.75,67192.89,3915166.65,0.0,0.0,8507.87,35797.81,353819.55,564569.38,0.0,0.0
202506,6453692.04,2865951.56,61192.05,3728009.92,0.0,0.0,8217.12,34182.86,338127.37,523439.24,0.0,0.0
202505,6632765.22,2818937.95,64178.98,3799492.18,0.0,0.0,8406.19,35833.8,340006.42,532979.61,0.0,0.0
202504,6267333.46,2673358.43,58891.0,3798026.1,0.0,0.0,8454.24,36327.15,341624.79,539022.34,0.0,0.0
202503,6238231.6,2566965.2,61294.83,3683199.49,0.0,0.0,8808.83,35645.95,340788.0,516117.79,0.0,0.0
202502,5598509.94,2429262.08,61949.09,3378764.97,0.0,0.0,8350.17,33019.98,324481.7,488180.37,0.0,0.0
202501,5673012.47,2469941.67,62232.13,3705721.69,0.0,0.0,9199.15,36429.91,338952.59,519244.8,0.0,0.0
202412,6429873.76,2778266.67,75539.52,4248330.27,0.0,0.0,9616.44,37774.51,361042.81,566693.06,0.0,0.0
202411,5794534.99,2456993.87,68004.61,3526411.66,0.0,0.0,9018.91,34430.29,332501.15,512370.3,0.0,0.0
202410,5712448.02,2476793.69,68590.55,3885790.21,0.0,0.0,10202.17,39646.01,362192.91,563986.63,0.0,0.0
202409,5515140.08,2313327.22,66156.06,3730246.74,0.0,0.0,9978.94,39601.85,344698.46,520250.19,0.0,0.0
202408,5639358.01,2326231.16,67581.13,3621022.67,0.0,0.0,10009.39,39142.87,343924.99,519248.33,0.0,0.0
202407,5392806.29,2338132.97,69657.23,3828950.29,0.0,0.0,10942.8,41504.78,366484.15,546660.21,0.0,0.0
202406,5252176.9,2118312.04,64970.94,3544187.49,0.0,0.0,9642.76,36114.74,327754.93,475278.61,0.0,0.0
202405,5204193.37,2103326.01,69023.19,3482037.72,0.0,0.0,10467.85,40133.55,349180.92,506302.82,0.0,0.0
202404,4900457.64,2062609.18,70647.2,3652606.92,0.0,0.0,11179.22,43295.4,361633.28,524619.69,0.0,0.0
202403,4880450.84,1920981.78,67565.09,3333054.72,0.0,0.0,10122.46,36644.55,336435.46,469047.59,0.0,0.0
202402,4344916.74,1703935.27,65805.91,2981226.89,60.01,109.32,10373.38,37076.26,332269.47,463066.01,61.89,34.21
202401,4350076.79,1804382.83,70343.33,3337346.6,387.18,815.94,11919.12,41615.89,363550.32,516702.44,600.76,616.58
202312,4783759.11,1919836.0,80202.34,3629759.48,1152.37,2498.31,11241.91,39208.22,337552.05,484391.91,1412.03,1399.42
202311,4211458.47,1727397.13,74398.41,3135995.22,754.56,1711.45,11866.27,40735.16,345234.36,490503.75,1506.38,1521.77
202310,4050452.35,1652921.87,71870.56,3325168.55,664.92,1578.12,12902.42,46646.9,362721.59,512336.66,1746.38,1763.79
202309,3830813.55,1527905.08,69407.83,3190050.37,483.31,1085.19,11916.38,41653.43,340115.13,471176.87,2636.88,2532.14
202308,3753059.35,1518932.78,76572.62,3406865.07,614.09,1481.22,13113.98,46973.84,360865.3,501254.74,5253.95,3197.77
202307,3533075.01,1422691.71,71737.39,3363338.77,667.68,1589.98,12782.7,43634.75,353354.67,479276.62,4722.99,4401.98
202306,3296854.65,1365761.97,73637.42,3658988.54,710.66,1683.4,12898.39,44354.61,348653.58,475375.14,3810.8,4006.27
202305,3189216.59,1343030.1,76551.74,3772412.45,620.33,1492.52,14171.91,50982.54,366029.09,509111.41,4139.19,4971.97
202304,2910507.63,1191585.15,69286.78,3234549.45,661.7,1594.82,12188.2,43399.52,326293.01,443418.56,2378.17,2279.99
202303,3001955.59,1280323.99,80528.87,3635596.89,680.54,1584.04,13763.41,55997.48,362664.11,487777.17,2595.33,2565.47
202302,2539124.04,1055639.04,70232.83,2889422.93,645.05,1512.53,12393.22,50947.11,325643.69,427177.9,2436.12,2367.58
202301,2575313.68,1111232.54,77982.34,3394583.49,632.37,1438.59,14091.41,46687.43,357005.85,479459.52,2499.45,2534.06
202212,2872229.03,1221189.67,91361.54,3810324.55,1272.38,2757.91,14246.95,47529.19,349044.0,478219.38,3211.72,3117.79
202211,2498449.43,1075310.97,83094.38,3323697.77,602.37,1316.4,14501.4,48575.49,349118.91,473580.19,3248.99,3187.94
202210,2436486.47,1046413.03,79833.93,3248099.31,657.19,1535.22,14985.6,49550.28,353610.13,477418.67,3411.03,3278.9
202209,2287655.11,1019526.37,85504.31,3471556.34,483.81,1073.51,15454.12,52438.11,350208.81,475684.01,4247.83,4047.07
202208,2180316.37,983789.49,88850.51,3587442.45,440.6,973.35,16827.09,57856.85,373212.23,505529.0,6694.35,6367.15
202207,2060630.59,933098.09,82325.31,3378764.36,753.36,1688.6,15237.06,50103.61,342147.16,450111.25,7105.1,6692.24
202206,1925887.77,888818.17,84009.11,3541847.8,692.63,1615.03,15759.32,51717.74,350345.01,460839.19,6785.49,6596.06
202205,1856767.98,882394.8,87854.94,3695833.5,714.97,1619.31,16857.13,56889.59,364436.61,480056.55,7014.02,6799.14
202204,1664792.46,772171.43,82723.74,3211893.37,704.51,1551.8,15144.47,49618.47,334954.82,431871.09,4105.58,3686.33
202203,1598295.91,787017.65,93022.24,3583365.23,582.01,1277.27,18276.79,58871.56,380679.53,475829.92,4906.23,4354.95
202202,1367497.83,644475.7,79412.96,2880855.45,537.39,1147.26,14059.59,42796.67,308925.15,370347.17,4095.13,3701.32
202201,1284230.01,636333.2,84458.74,3042937.65,675.96,1441.29,16195.58,47613.5,343641.99,420659.17,4193.62,3920.09
202112,1442212.36,714884.43,105998.02,3670235.48,1305.51,2524.43,18159.22,54523.81,357708.47,452537.25,5017.86,4698.79
202111,1226445.29,620923.1,96520.8,3046202.31,691.57,1416.04,18274.71,53233.05,361368.8,443844.71,5648.19,4725.76
202110,1167627.95,580611.15,91544.91,3090855.32,681.7,1495.72,17160.27,49988.27,342504.64,412222.98,6050.76,4742.44
202109,1028427.24,553183.59,94312.02,3089309.13,624.11,1330.64,17902.58,52527.15,349225.18,420768.07,6205.63,5002.1
202108,961033.47,529325.7,99440.21,3159715.32,402.95,790.52,18734.59,55032.48,360595.99,427123.67,10095.59,8283.09
202107,873876.23,474406.92,102448.1,3008021.83,763.01,1562.97,18196.26,52678.84,349844.73,404147.44,11366.75,9021.56
202106,735299.77,416301.68,107582.53,2980596.44,696.15,1464.76,18254.45,53161.69,342773.47,393852.08,10902.82,8958.66
202105,641530.48,376521.08,110651.8,2819281.6,489.86,983.25,18456.48,54201.28,341731.09,389564.26,10221.54,8444.29
202104,494733.64,312912.45,110989.05,2735892.74,693.38,1446.8,18441.84,52999.98,335530.74,374186.91,7535.06,5755.89
202103,389558.55,273005.19,119890.41,3083743.42,638.88,1272.87,21076.69,57274.71,358045.89,399875.9,8589.92,6559.22
202607,7975139.94,3800592.19,68602.77,4058803.01,0.0,0.0,6607.51,30011.4,341104.26,577982.13,0.0,0.0
202606,7699815.65,3599270.78,64041.78,4235160.17,0.0,0.0,6693.47,30773.59,340587.57,577082.91,0.0,0.0
202605,7854699.48,3478034.84,65540.9,3828232.89,0.0,0.0,6299.28,28997.49,321873.66,541107.26,0.0,0.0
202604,7370602.06,3421732.27,65272.11,4064285.57,0.0,0.0,6667.11,32464.83,326984.42,552159.56,0.0,0.0
202603,7442903.15,3533664.12,69211.12,4196796.01,0.0,0.0,7367.69,32865.28,346881.81,572564.03,0.0,0.0
202602,6606114.79,2996838.9,63710.34,3342672.09,0.0,0.0,6264.06,26618.21,307053.39,487957.93,0.0,0.0
202601,7021997.69,3170990.34,59302.67,3819653.6,0.0,0.0,7053.84,30801.1,315999.89,511645.82,0.0,0.0
202512,7858999.2,3771628.4,77612.7,4632904.84,0.0,0.0,7934.51,33738.32,360617.75,603920.36,0.0,0.0
202511,7161424.75,3122098.39,61980.91,3565384.27,0.0,0.0,7021.35,29207.65,317968.79,513158.5,0.0,0.0
202510,7262044.71,3315978.67,69508.97,3935395.1,0.0,0.0,8133.43,34584.96,347805.9,570061.34,0.0,0.0
202509,6843677.25,3178872.86,67787.76,3935730.15,0.0,0.0,8401.46,36257.82,349079.13,569213.66,0.0,0.0
202508,6965545.33,3033563.78,64506.6,3700999.64,0.0,0.0,7764.15,34009.59,328959.8,522435.28,0.0,0.0
202507,6671770.9,3055518.75,67192.89,3915166.65,0.0,0.0,8507.87,35797.81,353819.55,564569.38,0.0,0.0
202506,6453692.04,2865951.56,61192.05,3728009.92,0.0,0.0,8217.12,34182.86,338127.37,523439.24,0.0,0.0
202505,6632765.22,2818937.95,64178.98,3799492.18,0.0,0.0,8406.19,35833.8,340006.42,532979.61,0.0,0.0
202504,6267333.46,2673358.43,58891.0,3798026.1,0.0,0.0,8454.24,36327.15,341624.79,539022.34,0.0,0.0
202503,6238231.6,2566965.2,61294.83,3683199.49,0.0,0.0,8808.83,35645.95,340788.0,516117.79,0.0,0.0
202502,5598509.94,2429262.08,61949.09,3378764.97,0.0,0.0,8350.17,33019.98,324481.7,488180.37,0.0,0.0
202501,5673012.47,2469941.67,62232.13,3705721.69,0.0,0.0,9199.15,36429.91,338952.59,519244.8,0.0,0.0
202412,6429873.76,2778266.67,75539.52,4248330.27,0.0,0.0,9616.44,37774.51,361042.81,566693.06,0.0,0.0
202411,5794534.99,2456993.87,68004.61,3526411.66,0.0,0.0,9018.91,34430.29,332501.15,512370.3,0.0,0.0
202410,5712448.02,2476793.69,68590.55,3885790.21,0.0,0.0,10202.17,39646.01,362192.91,563986.63,0.0,0.0
202409,5515140.08,2313327.22,66156.06,3730246.74,0.0,0.0,9978.94,39601.85,344698.46,520250.19,0.0,0.0
202408,5639358.01,2326231.16,67581.13,3621022.67,0.0,0.0,10009.39,39142.87,343924.99,519248.33,0.0,0.0
202407,5392806.29,2338132.97,69657.23,3828950.29,0.0,0.0,10942.8,41504.78,366484.15,546660.21,0.0,0.0
202406,5252176.9,2118312.04,64970.94,3544187.49,0.0,0.0,9642.76,36114.74,327754.93,475278.61,0.0,0.0
202405,5204193.37,2103326.01,69023.19,3482037.72,0.0,0.0,10467.85,40133.55,349180.92,506302.82,0.0,0.0
202404,4900457.64,2062609.18,70647.2,3652606.92,0.0,0.0,11179.22,43295.4,361633.28,524619.69,0.0,0.0
202403,4880450.84,1920981.78,67565.09,3333054.72,0.0,0.0,10122.46,36644.55,336435.46,469047.59,0.0,0.0
202402,4344916.74,1703935.27,65805.91,2981226.89,60.01,109.32,10373.38,37076.26,332269.47,463066.01,61.89,34.21
202401,4350076.79,1804382.83,70343.33,3337346.6,387.18,815.94,11919.12,41615.89,363550.32,516702.44,600.76,616.58
202312,4783759.11,1919836.0,80202.34,3629759.48,1152.37,2498.31,11241.91,39208.22,337552.05,484391.91,1412.03,1399.42
202311,4211458.47,1727397.13,74398.41,3135995.22,754.56,1711.45,11866.27,40735.16,345234.36,490503.75,1506.38,1521.77
202310,4050452.35,1652921.87,71870.56,3325168.55,664.92,1578.12,12902.42,46646.9,362721.59,512336.66,1746.38,1763.79
202309,3830813.55,1527905.08,69407.83,3190050.37,483.31,1085.19,11916.38,41653.43,340115.13,471176.87,2636.88,2532.14
202308,3753059.35,1518932.78,76572.62,3406865.07,614.09,1481.22,13113.98,46973.84,360865.3,501254.74,5253.95,3197.77
202307,3533075.01,1422691.71,71737.39,3363338.77,667.68,1589.98,12782.7,43634.75,353354.67,479276.62,4722.99,4401.98
202306,3296854.65,1365761.97,73637.42,3658988.54,710.66,1683.4,12898.39,44354.61,348653.58,475375.14,3810.8,4006.27
202305,3189216.59,1343030.1,76551.74,3772412.45,620.33,1492.52,14171.91,50982.54,366029.09,509111.41,4139.19,4971.97
202304,2910507.63,1191585.15,69286.78,3234549.45,661.7,1594.82,12188.2,43399.52,326293.01,443418.56,2378.17,2279.99
202303,3001955.59,1280323.99,80528.87,3635596.89,680.54,1584.04,13763.41,55997.48,362664.11,487777.17,2595.33,2565.47
202302,2539124.04,1055639.04,70232.83,2889422.93,645.05,1512.53,12393.22,50947.11,325643.69,427177.9,2436.12,2367.58
202301,2575313.68,1111232.54,77982.34,3394583.49,632.37,1438.59,14091.41,46687.43,357005.85,479459.52,2499.45,2534.06
202212,2872229.03,1221189.67,91361.54,3810324.55,1272.38,2757.91,14246.95,47529.19,349044.0,478219.38,3211.72,3117.79
202211,2498449.43,1075310.97,83094.38,3323697.77,602.37,1316.4,14501.4,48575.49,349118.91,473580.19,3248.99,3187.94
202210,2436486.47,1046413.03,79833.93,3248099.31,657.19,1535.22,14985.6,49550.28,353610.13,477418.67,3411.03,3278.9
202209,2287655.11,1019526.37,85504.31,3471556.34,483.81,1073.51,15454.12,52438.11,350208.81,475684.01,4247.83,4047.07
202208,2180316.37,983789.49,88850.51,3587442.45,440.6,973.35,16827.09,57856.85,373212.23,505529.0,6694.35,6367.15
202207,2060630.59,933098.09,82325.31,3378764.36,753.36,1688.6,15237.06,50103.61,342147.16,450111.25,7105.1,6692.24
202206,1925887.77,888818.17,84009.11,3541847.8,692.63,1615.03,15759.32,51717.74,350345.01,460839.19,6785.49,6596.06
202205,1856767.98,882394.8,87854.94,3695833.5,714.97,1619.31,16857.13,56889.59,364436.61,480056.55,7014.02,6799.14
202204,1664792.46,772171.43,82723.74,3211893.37,704.51,1551.8,15144.47,49618.47,334954.82,431871.09,4105.58,3686.33
202203,1598295.91,787017.65,93022.24,3583365.23,582.01,1277.27,18276.79,58871.56,380679.53,475829.92,4906.23,4354.95
202202,1367497.83,644475.7,79412.96,2880855.45,537.39,1147.26,14059.59,42796.67,308925.15,370347.17,4095.13,3701.32
202201,1284230.01,636333.2,84458.74,3042937.65,675.96,1441.29,16195.58,47613.5,343641.99,420659.17,4193.62,3920.09
202112,1442212.36,714884.43,105998.02,3670235.48,1305.51,2524.43,18159.22,54523.81,357708.47,452537.25,5017.86,4698.79
202111,1226445.29,620923.1,96520.8,3046202.31,691.57,1416.04,18274.71,53233.05,361368.8,443844.71,5648.19,4725.76
202110,1167627.95,580611.15,91544.91,3090855.32,681.7,1495.72,17160.27,49988.27,342504.64,412222.98,6050.76,4742.44
202109,1028427.24,553183.59,94312.02,3089309.13,624.11,1330.64,17902.58,52527.15,349225.18,420768.07,6205.63,5002.1
202108,961033.47,529325.7,99440.21,3159715.32,402.95,790.52,18734.59,55032.48,360595.99,427123.67,10095.59,8283.09
202107,873876.23,474406.92,102448.1,3008021.83,763.01,1562.97,18196.26,52678.84,349844.73,404147.44,11366.75,9021.56
202106,735299.77,416301.68,107582.53,2980596.44,696.15,1464.76,18254.45,53161.69,342773.47,393852.08,10902.82,8958.66
202105,641530.48,376521.08,110651.8,2819281.6,489.86,983.25,18456.48,54201.28,341731.09,389564.26,10221.54,8444.29
202104,494733.64,312912.45,110989.05,2735892.74,693.38,1446.8,18441.84,52999.98,335530.74,374186.91,7535.06,5755.89
202607,7975139.94,3800592.19,68602.77,4058803.01,0.0,0.0,6607.51,30011.4,341104.26,577982.13,0.0,0.0
202606,7699815.65,3599270.78,64041.78,4235160.17,0.0,0.0,6693.47,30773.59,340587.57,577082.91,0.0,0.0
202605,7854699.48,3478034.84,65540.9,3828232.89,0.0,0.0,6299.28,28997.49,321873.66,541107.26,0.0,0.0
202604,7370602.06,3421732.27,65272.11,4064285.57,0.0,0.0,6667.11,32464.83,326984.42,552159.56,0.0,0.0
202603,7442903.15,3533664.12,69211.12,4196796.01,0.0,0.0,7367.69,32865.28,346881.81,572564.03,0.0,0.0
202602,6606114.79,2996838.9,63710.34,3342672.09,0.0,0.0,6264.06,26618.21,307053.39,487957.93,0.0,0.0
202601,7021997.69,3170990.34,59302.67,3819653.6,0.0,0.0,7053.84,30801.1,315999.89,511645.82,0.0,0.0
202512,7858999.2,3771628.4,77612.7,4632904.84,0.0,0.0,7934.51,33738.32,360617.75,603920.36,0.0,0.0
202511,7161424.75,3122098.39,61980.91,3565384.27,0.0,0.0,7021.35,29207.65,317968.79,513158.5,0.0,0.0
202510,7262044.71,3315978.67,69508.97,3935395.1,0.0,0.0,8133.43,34584.96,347805.9,570061.34,0.0,0.0
202509,6843677.25,3178872.86,67787.76,3935730.15,0.0,0.0,8401.46,36257.82,349079.13,569213.66,0.0,0.0
202508,6965545.33,3033563.78,64506.6,3700999.64,0.0,0.0,7764.15,34009.59,328959.8,522435.28,0.0,0.0
202507,6671770.9,3055518.75,67192.89,3915166.65,0.0,0.0,8507.87,35797.81,353819.55,564569.38,0.0,0.0
202506,6453692.04,2865951.56,61192.05,3728009.92,0.0,0.0,8217.12,34182.86,338127.37,523439.24,0.0,0.0
202505,6632765.22,2818937.95,64178.98,3799492.18,0.0,0.0,8406.19,35833.8,340006.42,532979.61,0.0,0.0
202504,6267333.46,2673358.43,58891.0,3798026.1,0.0,0.0,8454.24,36327.15,341624.79,539022.34,0.0,0.0
202503,6238231.6,2566965.2,61294.83,3683199.49,0.0,0.0,8808.83,35645.95,340788.0,516117.79,0.0,0.0
202502,5598509.94,2429262.08,61949.09,3378764.97,0.0,0.0,8350.17,33019.98,324481.7,488180.37,0.0,0.0
202501,5673012.47,2469941.67,62232.13,3705721.69,0.0,0.0,9199.15,36429.91,338952.59,519244.8,0.0,0.0
202412,6429873.76,2778266.67,75539.52,4248330.27,0.0,0.0,9616.44,37774.51,361042.81,566693.06,0.0,0.0
202411,5794534.99,2456993.87,68004.61,3526411.66,0.0,0.0,9018.91,34430.29,332501.15,512370.3,0.0,0.0
202410,5712448.02,2476793.69,68590.55,3885790.21,0.0,0.0,10202.17,39646.01,362192.91,563986.63,0.0,0.0
202409,5515140.08,2313327.22,66156.06,3730246.74,0.0,0.0,9978.94,39601.85,344698.46,520250.19,0.0,0.0
202408,5639358.01,2326231.16,67581.13,3621022.67,0.0,0.0,10009.39,39142.87,343924.99,519248.33,0.0,0.0
202407,5392806.29,2338132.97,69657.23,3828950.29,0.0,0.0,10942.8,41504.78,366484.15,546660.21,0.0,0.0
202406,5252176.9,2118312.04,64970.94,3544187.49,0.0,0.0,9642.76,36114.74,327754.93,475278.61,0.0,0.0
202405,5204193.37,2103326.01,69023.19,3482037.72,0.0,0.0,10467.85,40133.55,349180.92,506302.82,0.0,0.0
202404,4900457.64,2062609.18,70647.2,3652606.92,0.0,0.0,11179.22,43295.4,361633.28,524619.69,0.0,0.0
202403,4880450.84,1920981.78,67565.09,3333054.72,0.0,0.0,10122.46,36644.55,336435.46,469047.59,0.0,0.0
202402,4344916.74,1703935.27,65805.91,2981226.89,60.01,109.32,10373.38,37076.26,332269.47,463066.01,61.89,34.21
202401,4350076.79,1804382.83,70343.33,3337346.6,387.18,815.94,11919.12,41615.89,363550.32,516702.44,600.76,616.58
202312,4783759.11,1919836.0,80202.34,3629759.48,1152.37,2498.31,11241.91,39208.22,337552.05,484391.91,1412.03,1399.42
202311,4211458.47,1727397.13,74398.41,3135995.22,754.56,1711.45,11866.27,40735.16,345234.36,490503.75,1506.38,1521.77
202310,4050452.35,1652921.87,71870.56,3325168.55,664.92,1578.12,12902.42,46646.9,362721.59,512336.66,1746.38,1763.79
202309,3830813.55,1527905.08,69407.83,3190050.37,483.31,1085.19,11916.38,41653.43,340115.13,471176.87,2636.88,2532.14
202308,3753059.35,1518932.78,76572.62,3406865.07,614.09,1481.22,13113.98,46973.84,360865.3,501254.74,5253.95,3197.77
202307,3533075.01,1422691.71,71737.39,3363338.77,667.68,1589.98,12782.7,43634.75,353354.67,479276.62,4722.99,4401.98
202306,3296854.65,1365761.97,73637.42,3658988.54,710.66,1683.4,12898.39,44354.61,348653.58,475375.14,3810.8,4006.27
202305,3189216.59,1343030.1,76551.74,3772412.45,620.33,1492.52,14171.91,50982.54,366029.09,509111.41,4139.19,4971.97
202304,2910507.63,1191585.15,69286.78,3234549.45,661.7,1594.82,12188.2,43399.52,326293.01,443418.56,2378.17,2279.99
202303,3001955.59,1280323.99,80528.87,3635596.89,680.54,1584.04,13763.41,55997.48,362664.11,487777.17,2595.33,2565.47
202302,2539124.04,1055639.04,70232.83,2889422.93,645.05,1512.53,12393.22,50947.11,325643.69,427177.9,2436.12,2367.58
202301,2575313.68,1111232.54,77982.34,3394583.49,632.37,1438.59,14091.41,46687.43,357005.85,479459.52,2499.45,2534.06
202212,2872229.03,1221189.67,91361.54,3810324.55,1272.38,2757.91,14246.95,47529.19,349044.0,478219.38,3211.72,3117.79
202211,2498449.43,1075310.97,83094.38,3323697.77,602.37,1316.4,14501.4,48575.49,349118.91,473580.19,3248.99,3187.94
202210,2436486.47,1046413.03,79833.93,3248099.31,657.19,1535.22,14985.6,49550.28,353610.13,477418.67,3411.03,3278.9
202209,2287655.11,1019526.37,85504.31,3471556.34,483.81,1073.51,15454.12,52438.11,350208.81,475684.01,4247.83,4047.07
202208,2180316.37,983789.49,88850.51,3587442.45,440.6,973.35,16827.09,57856.85,373212.23,505529.0,6694.35,6367.15
202207,2060630.59,933098.09,82325.31,3378764.36,753.36,1688.6,15237.06,50103.61,342147.16,450111.25,7105.1,6692.24
202206,1925887.77,888818.17,84009.11,3541847.8,692.63,1615.03,15759.32,51717.74,350345.01,460839.19,6785.49,6596.06
202205,1856767.98,882394.8,87854.94,3695833.5,714.97,1619.31,16857.13,56889.59,364436.61,480056.55,7014.02,6799.14
202204,1664792.46,772171.43,82723.74,3211893.37,704.51,1551.8,15144.47,49618.47,334954.82,431871.09,4105.58,3686.33
202203,1598295.91,787017.65,93022.24,3583365.23,582.01,1277.27,18276.79,58871.56,380679.53,475829.92,4906.23,4354.95
202202,1367497.83,644475.7,79412.96,2880855.45,537.39,1147.26,14059.59,42796.67,308925.15,370347.17,4095.13,3701.32
202201,1284230.01,636333.2,84458.74,3042937.65,675.96,1441.29,16195.58,47613.5,343641.99,420659.17,4193.62,3920.09
202112,1442212.36,714884.43,105998.02,3670235.48,1305.51,2524.43,18159.22,54523.81,357708.47,452537.25,5017.86,4698.79
202111,1226445.29,620923.1,96520.8,3046202.31,691.57,1416.04,18274.71,53233.05,361368.8,443844.71,5648.19,4725.76
202110,1167627.95,580611.15,91544.91,3090855.32,681.7,1495.72,17160.27,49988.27,342504.64,412222.98,6050.76,4742.44
202109,1028427.24,553183.59,94312.02,3089309.13,624.11,1330.64,17902.58,52527.15,349225.18,420768.07,6205.63,5002.1
202108,961033.47,529325.7,99440.21,3159715.32,402.95,790.52,18734.59,55032.48,360595.99,427123.67,10095.59,8283.09
202107,873876.23,474406.92,102448.1,3008021.83,763.01,1562.97,18196.26,52678.84,349844.73,404147.44,11366.75,9021.56
202106,735299.77,416301.68,107582.53,2980596.44,696.15,1464.76,18254.45,53161.69,342773.47,393852.08,10902.82,8958.66
202105,641530.48,376521.08,110651.8,2819281.6,489.86,983.25,18456.48,54201.28,341731.09,389564.26,10221.54,8444.29
202607,7975139.94,3800592.19,68602.77,4058803.01,0.0,0.0,6607.51,30011.4,341104.26,577982.13,0.0,0.0
202606,7699815.65,3599270.78,64041.78,4235160.17,0.0,0.0,6693.47,30773.59,340587.57,577082.91,0.0,0.0
202605,7854699.48,3478034.84,65540.9,3828232.89,0.0,0.0,6299.28,28997.49,321873.66,541107.26,0.0,0.0
202604,7370602.06,3421732.27,65272.11,4064285.57,0.0,0.0,6667.11,32464.83,326984.42,552159.56,0.0,0.0
202603,7442903.15,3533664.12,69211.12,4196796.01,0.0,0.0,7367.69,32865.28,346881.81,572564.03,0.0,0.0
202602,6606114.79,2996838.9,63710.34,3342672.09,0.0,0.0,6264.06,26618.21,307053.39,487957.93,0.0,0.0
202601,7021997.69,3170990.34,59302.67,3819653.6,0.0,0.0,7053.84,30801.1,315999.89,511645.82,0.0,0.0
202512,7858999.2,3771628.4,77612.7,4632904.84,0.0,0.0,7934.51,33738.32,360617.75,603920.36,0.0,0.0
202511,7161424.75,3122098.39,61980.91,3565384.27,0.0,0.0,7021.35,29207.65,317968.79,513158.5,0.0,0.0
202510,7262044.71,3315978.67,69508.97,3935395.1,0.0,0.0,8133.43,34584.96,347805.9,570061.34,0.0,0.0
202509,6843677.25,3178872.86,67787.76,3935730.15,0.0,0.0,8401.46,36257.82,349079.13,569213.66,0.0,0.0
202508,6965545.33,3033563.78,64506.6,3700999.64,0.0,0.0,7764.15,34009.59,328959.8,522435.28,0.0,0.0
202507,6671770.9,3055518.75,67192.89,3915166.65,0.0,0.0,8507.87,35797.81,353819.55,564569.38,0.0,0.0
202506,6453692.04,2865951.56,61192.05,3728009.92,0.0,0.0,8217.12,34182.86,338127.37,523439.24,0.0,0.0
202505,6632765.22,2818937.95,64178.98,3799492.18,0.0,0.0,8406.19,35833.8,340006.42,532979.61,0.0,0.0
202504,6267333.46,2673358.43,58891.0,3798026.1,0.0,0.0,8454.24,36327.15,341624.79,539022.34,0.0,0.0
202503,6238231.6,2566965.2,61294.83,3683199.49,0.0,0.0,8808.83,35645.95,340788.0,516117.79,0.0,0.0
202502,5598509.94,2429262.08,61949.09,3378764.97,0.0,0.0,8350.17,33019.98,324481.7,488180.37,0.0,0.0
202501,5673012.47,2469941.67,62232.13,3705721.69,0.0,0.0,9199.15,36429.91,338952.59,519244.8,0.0,0.0
202412,6429873.76,2778266.67,75539.52,4248330.27,0.0,0.0,9616.44,37774.51,361042.81,566693.06,0.0,0.0
202411,5794534.99,2456993.87,68004.61,3526411.66,0.0,0.0,9018.91,34430.29,332501.15,512370.3,0.0,0.0
202410,5712448.02,2476793.69,68590.55,3885790.21,0.0,0.0,10202.17,39646.01,362192.91,563986.63,0.0,0.0
202409,5515140.08,2313327.22,66156.06,3730246.74,0.0,0.0,9978.94,39601.85,344698.46,520250.19,0.0,0.0
202408,5639358.01,2326231.16,67581.13,3621022.67,0.0,0.0,10009.39,39142.87,343924.99,519248.33,0.0,0.0
202407,5392806.29,2338132.97,69657.23,3828950.29,0.0,0.0,10942.8,41504.78,366484.15,546660.21,0.0,0.0
202406,5252176.9,2118312.04,64970.94,3544187.49,0.0,0.0,9642.76,36114.74,327754.93,475278.61,0.0,0.0
202405,5204193.37,2103326.01,69023.19,3482037.72,0.0,0.0,10467.85,40133.55,349180.92,506302.82,0.0,0.0
202404,4900457.64,2062609.18,70647.2,3652606.92,0.0,0.0,11179.22,43295.4,361633.28,524619.69,0.0,0.0
202403,4880450.84,1920981.78,67565.09,3333054.72,0.0,0.0,10122.46,36644.55,336435.46,469047.59,0.0,0.0
202402,4344916.74,1703935.27,65805.91,2981226.89,60.01,109.32,10373.38,37076.26,332269.47,463066.01,61.89,34.21
202401,4350076.79,1804382.83,70343.33,3337346.6,387.18,815.94,11919.12,41615.89,363550.32,516702.44,600.76,616.58
202312,4783759.11,1919836.0,80202.34,3629759.48,1152.37,2498.31,11241.91,39208.22,337552.05,484391.91,1412.03,1399.42
202311,4211458.47,1727397.13,74398.41,3135995.22,754.56,1711.45,11866.27,40735.16,345234.36,490503.75,1506.38,1521.77
202310,4050452.35,1652921.87,71870.56,3325168.55,664.92,1578.12,12902.42,46646.9,362721.59,512336.66,1746.38,1763.79
202309,3830813.55,1527905.08,69407.83,3190050.37,483.31,1085.19,11916.38,41653.43,340115.13,471176.87,2636.88,2532.14
202308,3753059.35,1518932.78,76572.62,3406865.07,614.09,1481.22,13113.98,46973.84,360865.3,501254.74,5253.95,3197.77
202307,3533075.01,1422691.71,71737.39,3363338.77,667.68,1589.98,12782.7,43634.75,353354.67,479276.62,4722.99,4401.98
202306,3296854.65,1365761.97,73637.42,3658988.54,710.66,1683.4,12898.39,44354.61,348653.58,475375.14,3810.8,4006.27
202305,3189216.59,1343030.1,76551.74,3772412.45,620.33,1492.52,14171.91,50982.54,366029.09,509111.41,4139.19,4971.97
202304,2910507.63,1191585.15,69286.78,3234549.45,661.7,1594.82,12188.2,43399.52,326293.01,443418.56,2378.17,2279.99
202303,3001955.59,1280323.99,80528.87,3635596.89,680.54,1584.04,13763.41,55997.48,362664.11,487777.17,2595.33,2565.47
202302,2539124.04,1055639.04,70232.83,2889422.93,645.05,1512.53,12393.22,50947.11,325643.69,427177.9,2436.12,2367.58
202301,2575313.68,1111232.54,77982.34,3394583.49,632.37,1438.59,14091.41,46687.43,357005.85,479459.52,2499.45,2534.06
202212,2872229.03,1221189.67,91361.54,3810324.55,1272.38,2757.91,14246.95,47529.19,349044.0,478219.38,3211.72,3117.79
202211,2498449.43,1075310.97,83094.38,3323697.77,602.37,1316.4,14501.4,48575.49,349118.91,473580.19,3248.99,3187.94
202210,2436486.47,1046413.03,79833.93,3248099.31,657.19,1535.22,14985.6,49550.28,353610.13,477418.67,3411.03,3278.9
202209,2287655.11,1019526.37,85504.31,3471556.34,483.81,1073.51,15454.12,52438.11,350208.81,475684.01,4247.83,4047.07
202208,2180316.37,983789.49,88850.51,3587442.45,440.6,973.35,16827.09,57856.85,373212.23,505529.0,6694.35,6367.15
202207,2060630.59,933098.09,82325.31,3378764.36,753.36,1688.6,15237.06,50103.61,342147.16,450111.25,7105.1,6692.24
202206,1925887.77,888818.17,84009.11,3541847.8,692.63,1615.03,15759.32,51717.74,350345.01,460839.19,6785.49,6596.06
202205,1856767.98,882394.8,87854.94,3695833.5,714.97,1619.31,16857.13,56889.59,364436.61,480056.55,7014.02,6799.14
202204,1664792.46,772171.43,82723.74,3211893.37,704.51,1551.8,15144.47,49618.47,334954.82,431871.09,4105.58,3686.33
202203,1598295.91,787017.65,93022.24,3583365.23,582.01,1277.27,18276.79,58871.56,380679.53,475829.92,4906.23,4354.95
202202,1367497.83,644475.7,79412.96,2880855.45,537.39,1147.26,14059.59,42796.67,308925.15,370347.17,4095.13,3701.32
202201,1284230.01,636333.2,84458.74,3042937.65,675.96,1441.29,16195.58,47613.5,343641.99,420659.17,4193.62,3920.09
202112,1442212.36,714884.43,105998.02,3670235.48,1305.51,2524.43,18159.22,54523.81,357708.47,452537.25,5017.86,4698.79
202111,1226445.29,620923.1,96520.8,3046202.31,691.57,1416.04,18274.71,53233.05,361368.8,443844.71,5648.19,4725.76
202110,1167627.95,580611.15,91544.91,3090855.32,681.7,1495.72,17160.27,49988.27,342504.64,412222.98,6050.76,4742.44
202109,1028427.24,553183.59,94312.02,3089309.13,624.11,1330.64,17902.58,52527.15,349225.18,420768.07,6205.63,5002.1
202108,961033.47,529325.7,99440.21,3159715.32,402.95,790.52,18734.59,55032.48,360595.99,427123.67,10095.59,8283.09
202107,873876.23,474406.92,102448.1,3008021.83,763.01,1562.97,18196.26,52678.84,349844.73,404147.44,11366.75,9021.56
202106,735299.77,416301.68,107582.53,2980596.44,696.15,1464.76,18254.45,53161.69,342773.47,393852.08,10902.82,8958.66
202607,7975139.94,3800592.19,68602.77,4058803.01,0.0,0.0,6607.51,30011.4,341104.26,577982.13,0.0,0.0
202606,7699815.65,3599270.78,64041.78,4235160.17,0.0,0.0,6693.47,30773.59,340587.57,577082.91,0.0,0.0
202605,7854699.48,3478034.84,65540.9,3828232.89,0.0,0.0,6299.28,28997.49,321873.66,541107.26,0.0,0.0
202604,7370602.06,3421732.27,65272.11,4064285.57,0.0,0.0,6667.11,32464.83,326984.42,552159.56,0.0,0.0
202603,7442903.15,3533664.12,69211.12,4196796.01,0.0,0.0,7367.69,32865.28,346881.81,572564.03,0.0,0.0
202602,6606114.79,2996838.9,63710.34,3342672.09,0.0,0.0,6264.06,26618.21,307053.39,487957.93,0.0,0.0
202601,7021997.69,3170990.34,59302.67,3819653.6,0.0,0.0,7053.84,30801.1,315999.89,511645.82,0.0,0.0
202512,7858999.2,3771628.4,77612.7,4632904.84,0.0,0.0,7934.51,33738.32,360617.75,603920.36,0.0,0.0
202511,7161424.75,3122098.39,61980.91,3565384.27,0.0,0.0,7021.35,29207.65,317968.79,513158.5,0.0,0.0
202510,7262044.71,3315978.67,69508.97,3935395.1,0.0,0.0,8133.43,34584.96,347805.9,570061.34,0.0,0.0
202509,6843677.25,3178872.86,67787.76,3935730.15,0.0,0.0,8401.46,36257.82,349079.13,569213.66,0.0,0.0
202508,6965545.33,3033563.78,64506.6,3700999.64,0.0,0.0,7764.15,34009.59,328959.8,522435.28,0.0,0.0
202507,6671770.9,3055518.75,67192.89,3915166.65,0.0,0.0,8507.87,35797.81,353819.55,564569.38,0.0,0.0
202506,6453692.04,2865951.56,61192.05,3728009.92,0.0,0.0,8217.12,34182.86,338127.37,523439.24,0.0,0.0
202505,6632765.22,2818937.95,64178.98,3799492.18,0.0,0.0,8406.19,35833.8,340006.42,532979.61,0.0,0.0
202504,6267333.46,2673358.43,58891.0,3798026.1,0.0,0.0,8454.24,36327.15,341624.79,539022.34,0.0,0.0
202503,6238231.6,2566965.2,61294.83,3683199.49,0.0,0.0,8808.83,35645.95,340788.0,516117.79,0.0,0.0
202502,5598509.94,2429262.08,61949.09,3378764.97,0.0,0.0,8350.17,33019.98,324481.7,488180.37,0.0,0.0
202501,5673012.47,2469941.67,62232.13,3705721.69,0.0,0.0,9199.15,36429.91,338952.59,519244.8,0.0,0.0
202412,6429873.76,2778266.67,75539.52,4248330.27,0.0,0.0,9616.44,37774.51,361042.81,566693.06,0.0,0.0
202411,5794534.99,2456993.87,68004.61,3526411.66,0.0,0.0,9018.91,34430.29,332501.15,512370.3,0.0,0.0
202410,5712448.02,2476793.69,68590.55,3885790.21,0.0,0.0,10202.17,39646.01,362192.91,563986.63,0.0,0.0
202409,5515140.08,2313327.22,66156.06,3730246.74,0.0,0.0,9978.94,39601.85,344698.46,520250.19,0.0,0.0
202408,5639358.01,2326231.16,67581.13,3621022.67,0.0,0.0,10009.39,39142.87,343924.99,519248.33,0.0,0.0
202407,5392806.29,2338132.97,69657.23,3828950.29,0.0,0.0,10942.8,41504.78,366484.15,546660.21,0.0,0.0
202406,5252176.9,2118312.04,64970.94,3544187.49,0.0,0.0,9642.76,36114.74,327754.93,475278.61,0.0,0.0
202405,5204193.37,2103326.01,69023.19,3482037.72,0.0,0.0,10467.85,40133.55,349180.92,506302.82,0.0,0.0
202404,4900457.64,2062609.18,70647.2,3652606.92,0.0,0.0,11179.22,43295.4,361633.28,524619.69,0.0,0.0
202403,4880450.84,1920981.78,67565.09,3333054.72,0.0,0.0,10122.46,36644.55,336435.46,469047.59,0.0,0.0
202402,4344916.74,1703935.27,65805.91,2981226.89,60.01,109.32,10373.38,37076.26,332269.47,463066.01,61.89,34.21
202401,4350076.79,1804382.83,70343.33,3337346.6,387.18,815.94,11919.12,41615.89,363550.32,516702.44,600.76,616.58
202312,4783759.11,1919836.0,80202.34,3629759.48,1152.37,2498.31,11241.91,39208.22,337552.05,484391.91,1412.03,1399.42
202311,4211458.47,1727397.13,74398.41,3135995.22,754.56,1711.45,11866.27,40735.16,345234.36,490503.75,1506.38,1521.77
202310,4050452.35,1652921.87,71870.56,3325168.55,664.92,1578.12,12902.42,46646.9,362721.59,512336.66,1746.38,1763.79
202309,3830813.55,1527905.08,69407.83,3190050.37,483.31,1085.19,11916.38,41653.43,340115.13,471176.87,2636.88,2532.14
202308,3753059.35,1518932.78,76572.62,3406865.07,614.09,1481.22,13113.98,46973.84,360865.3,501254.74,5253.95,3197.77
202307,3533075.01,1422691.71,71737.39,3363338.77,667.68,1589.98,12782.7,43634.75,353354.67,479276.62,4722.99,4401.98
202306,3296854.65,1365761.97,73637.42,3658988.54,710.66,1683.4,12898.39,44354.61,348653.58,475375.14,3810.8,4006.27
202305,3189216.59,1343030.1,76551.74,3772412.45,620.33,1492.52,14171.91,50982.54,366029.09,509111.41,4139.19,4971.97
202304,2910507.63,1191585.15,69286.78,3234549.45,661.7,1594.82,12188.2,43399.52,326293.01,443418.56,2378.17,2279.99
202303,3001955.59,1280323.99,80528.87,3635596.89,680.54,1584.04,13763.41,55997.48,362664.11,487777.17,2595.33,2565.47
202302,2539124.04,1055639.04,70232.83,2889422.93,645.05,1512.53,12393.22,50947.11,325643.69,427177.9,2436.12,2367.58
202301,2575313.68,1111232.54,77982.34,3394583.49,632.37,1438.59,14091.41,46687.43,357005.85,479459.52,2499.45,2534.06
202212,2872229.03,1221189.67,91361.54,3810324.55,1272.38,2757.91,14246.95,47529.19,349044.0,478219.38,3211.72,3117.79
202211,2498449.43,1075310.97,83094.38,3323697.77,602.37,1316.4,14501.4,48575.49,349118.91,473580.19,3248.99,3187.94
202210,2436486.47,1046413.03,79833.93,3248099.31,657.19,1535.22,14985.6,49550.28,353610.13,477418.67,3411.03,3278.9
202209,2287655.11,1019526.37,85504.31,3471556.34,483.81,1073.51,15454.12,52438.11,350208.81,475684.01,4247.83,4047.07
202208,2180316.37,983789.49,88850.51,3587442.45,440.6,973.35,16827.09,57856.85,373212.23,505529.0,6694.35,6367.15
202207,2060630.59,933098.09,82325.31,3378764.36,753.36,1688.6,15237.06,50103.61,342147.16,450111.25,7105.1,6692.24
202206,1925887.77,888818.17,84009.11,3541847.8,692.63,1615.03,15759.32,51717.74,350345.01,460839.19,6785.49,6596.06
202205,1856767.98,882394.8,87854.94,3695833.5,714.97,1619.31,16857.13,56889.59,364436.61,480056.55,7014.02,6799.14
202204,1664792.46,772171.43,82723.74,3211893.37,704.51,1551.8,15144.47,49618.47,334954.82,431871.09,4105.58,3686.33
202203,1598295.91,787017.65,93022.24,3583365.23,582.01,1277.27,18276.79,58871.56,380679.53,475829.92,4906.23,4354.95
202202,1367497.83,644475.7,79412.96,2880855.45,537.39,1147.26,14059.59,42796.67,308925.15,370347.17,4095.13,3701.32
202201,1284230.01,636333.2,84458.74,3042937.65,675.96,1441.29,16195.58,47613.5,343641.99,420659.17,4193.62,3920.09
202112,1442212.36,714884.43,105998.02,3670235.48,1305.51,2524.43,18159.22,54523.81,357708.47,452537.25,5017.86,4698.79
202111,1226445.29,620923.1,96520.8,3046202.31,691.57,1416.04,18274.71,53233.05,361368.8,443844.71,5648.19,4725.76
202110,1167627.95,580611.15,91544.91,3090855.32,681.7,1495.72,17160.27,49988.27,342504.64,412222.98,6050.76,4742.44
202109,1028427.24,553183.59,94312.02,3089309.13,624.11,1330.64,17902.58,52527.15,349225.18,420768.07,6205.63,5002.1
202108,961033.47,529325.7,99440.21,3159715.32,402.95,790.52,18734.59,55032.48,360595.99,427123.67,10095.59,8283.09
202107,873876.23,474406.92,102448.1,3008021.83,763.01,1562.97,18196.26,52678.84,349844.73,404147.44,11366.75,9021.56
202607,7975139.94,3800592.19,68602.77,4058803.01,0.0,0.0,6607.51,30011.4,341104.26,577982.13,0.0,0.0
202606,7699815.65,3599270.78,64041.78,4235160.17,0.0,0.0,6693.47,30773.59,340587.57,577082.91,0.0,0.0
202605,7854699.48,3478034.84,65540.9,3828232.89,0.0,0.0,6299.28,28997.49,321873.66,541107.26,0.0,0.0
202604,7370602.06,3421732.27,65272.11,4064285.57,0.0,0.0,6667.11,32464.83,326984.42,552159.56,0.0,0.0
202603,7442903.15,3533664.12,69211.12,4196796.01,0.0,0.0,7367.69,32865.28,346881.81,572564.03,0.0,0.0
202602,6606114.79,2996838.9,63710.34,3342672.09,0.0,0.0,6264.06,26618.21,307053.39,487957.93,0.0,0.0
202601,7021997.69,3170990.34,59302.67,3819653.6,0.0,0.0,7053.84,30801.1,315999.89,511645.82,0.0,0.0
202512,7858999.2,3771628.4,77612.7,4632904.84,0.0,0.0,7934.51,33738.32,360617.75,603920.36,0.0,0.0
202511,7161424.75,3122098.39,61980.91,3565384.27,0.0,0.0,7021.35,29207.65,317968.79,513158.5,0.0,0.0
202510,7262044.71,3315978.67,69508.97,3935395.1,0.0,0.0,8133.43,34584.96,347805.9,570061.34,0.0,0.0
202509,6843677.25,3178872.86,67787.76,3935730.15,0.0,0.0,8401.46,36257.82,349079.13,569213.66,0.0,0.0
202508,6965545.33,3033563.78,64506.6,3700999.64,0.0,0.0,7764.15,34009.59,328959.8,522435.28,0.0,0.0
202507,6671770.9,3055518.75,67192.89,3915166.65,0.0,0.0,8507.87,35797.81,353819.55,564569.38,0.0,0.0
202506,6453692.04,2865951.56,61192.05,3728009.92,0.0,0.0,8217.12,34182.86,338127.37,523439.24,0.0,0.0
202505,6632765.22,2818937.95,64178.98,3799492.18,0.0,0.0,8406.19,35833.8,340006.42,532979.61,0.0,0.0
202504,6267333.46,2673358.43,58891.0,3798026.1,0.0,0.0,8454.24,36327.15,341624.79,539022.34,0.0,0.0
202503,6238231.6,2566965.2,61294.83,3683199.49,0.0,0.0,8808.83,35645.95,340788.0,516117.79,0.0,0.0
202502,5598509.94,2429262.08,61949.09,3378764.97,0.0,0.0,8350.17,33019.98,324481.7,488180.37,0.0,0.0
202501,5673012.47,2469941.67,62232.13,3705721.69,0.0,0.0,9199.15,36429.91,338952.59,519244.8,0.0,0.0
202412,6429873.76,2778266.67,75539.52,4248330.27,0.0,0.0,9616.44,37774.51,361042.81,566693.06,0.0,0.0
202411,5794534.99,2456993.87,68004.61,3526411.66,0.0,0.0,9018.91,34430.29,332501.15,512370.3,0.0,0.0
202410,5712448.02,2476793.69,68590.55,3885790.21,0.0,0.0,10202.17,39646.01,362192.91,563986.63,0.0,0.0
202409,5515140.08,2313327.22,66156.06,3730246.74,0.0,0.0,9978.94,39601.85,344698.46,520250.19,0.0,0.0
202408,5639358.01,2326231.16,67581.13,3621022.67,0.0,0.0,10009.39,39142.87,343924.99,519248.33,0.0,0.0
202407,5392806.29,2338132.97,69657.23,3828950.29,0.0,0.0,10942.8,41504.78,366484.15,546660.21,0.0,0.0
202406,5252176.9,2118312.04,64970.94,3544187.49,0.0,0.0,9642.76,36114.74,327754.93,475278.61,0.0,0.0
202405,5204193.37,2103326.01,69023.19,3482037.72,0.0,0.0,10467.85,40133.55,349180.92,506302.82,0.0,0.0
202404,4900457.64,2062609.18,70647.2,3652606.92,0.0,0.0,11179.22,43295.4,361633.28,524619.69,0.0,0.0
202403,4880450.84,1920981.78,67565.09,3333054.72,0.0,0.0,10122.46,36644.55,336435.46,469047.59,0.0,0.0
202402,4344916.74,1703935.27,65805.91,2981226.89,60.01,109.32,10373.38,37076.26,332269.47,463066.01,61.89,34.21
202401,4350076.79,1804382.83,70343.33,3337346.6,387.18,815.94,11919.12,41615.89,363550.32,516702.44,600.76,616.58
202312,4783759.11,1919836.0,80202.34,3629759.48,1152.37,2498.31,11241.91,39208.22,337552.05,484391.91,1412.03,1399.42
202311,4211458.47,1727397.13,74398.41,3135995.22,754.56,1711.45,11866.27,40735.16,345234.36,490503.75,1506.38,1521.77
202310,4050452.35,1652921.87,71870.56,3325168.55,664.92,1578.12,12902.42,46646.9,362721.59,512336.66,1746.38,1763.79
202309,3830813.55,1527905.08,69407.83,3190050.37,483.31,1085.19,11916.38,41653.43,340115.13,471176.87,2636.88,2532.14
202308,3753059.35,1518932.78,76572.62,3406865.07,614.09,1481.22,13113.98,46973.84,360865.3,501254.74,5253.95,3197.77
202307,3533075.01,1422691.71,71737.39,3363338.77,667.68,1589.98,12782.7,43634.75,353354.67,479276.62,4722.99,4401.98
202306,3296854.65,1365761.97,73637.42,3658988.54,710.66,1683.4,12898.39,44354.61,348653.58,475375.14,3810.8,4006.27
202305,3189216.59,1343030.1,76551.74,3772412.45,620.33,1492.52,14171.91,50982.54,366029.09,509111.41,4139.19,4971.97
202304,2910507.63,1191585.15,69286.78,3234549.45,661.7,1594.82,12188.2,43399.52,326293.01,443418.56,2378.17,2279.99
202303,3001955.59,1280323.99,80528.87,3635596.89,680.54,1584.04,13763.41,55997.48,362664.11,487777.17,2595.33,2565.47
202302,2539124.04,1055639.04,70232.83,2889422.93,645.05,1512.53,12393.22,50947.11,325643.69,427177.9,2436.12,2367.58
202301,2575313.68,1111232.54,77982.34,3394583.49,632.37,1438.59,14091.41,46687.43,357005.85,479459.52,2499.45,2534.06
202212,2872229.03,1221189.67,91361.54,3810324.55,1272.38,2757.91,14246.95,47529.19,349044.0,478219.38,3211.72,3117.79
202211,2498449.43,1075310.97,83094.38,3323697.77,602.37,1316.4,14501.4,48575.49,349118.91,473580.19,3248.99,3187.94
202210,2436486.47,1046413.03,79833.93,3248099.31,657.19,1535.22,14985.6,49550.28,353610.13,477418.67,3411.03,3278.9
202209,2287655.11,1019526.37,85504.31,3471556.34,483.81,1073.51,15454.12,52438.11,350208.81,475684.01,4247.83,4047.07
202208,2180316.37,983789.49,88850.51,3587442.45,440.6,973.35,16827.09,57856.85,373212.23,505529.0,6694.35,6367.15
202207,2060630.59,933098.09,82325.31,3378764.36,753.36,1688.6,15237.06,50103.61,342147.16,450111.25,7105.1,6692.24
202206,1925887.77,888818.17,84009.11,3541847.8,692.63,1615.03,15759.32,51717.74,350345.01,460839.19,6785.49,6596.06
202205,1856767.98,882394.8,87854.94,3695833.5,714.97,1619.31,16857.13,56889.59,364436.61,480056.55,7014.02,6799.14
202204,1664792.46,772171.43,82723.74,3211893.37,704.51,1551.8,15144.47,49618.47,334954.82,431871.09,4105.58,3686.33
202203,1598295.91,787017.65,93022.24,3583365.23,582.01,1277.27,18276.79,58871.56,380679.53,475829.92,4906.23,4354.95
202202,1367497.83,644475.7,79412.96,2880855.45,537.39,1147.26,14059.59,42796.67,308925.15,370347.17,4095.13,3701.32
202201,1284230.01,636333.2,84458.74,3042937.65,675.96,1441.29,16195.58,47613.5,343641.99,420659.17,4193.62,3920.09
202112,1442212.36,714884.43,105998.02,3670235.48,1305.51,2524.43,18159.22,54523.81,357708.47,452537.25,5017.86,4698.79
202111,1226445.29,620923.1,96520.8,3046202.31,691.57,1416.04,18274.71,53233.05,361368.8,443844.71,5648.19,4725.76
202110,1167627.95,580611.15,91544.91,3090855.32,681.7,1495.72,17160.27,49988.27,342504.64,412222.98,6050.76,4742.44
202109,1028427.24,553183.59,94312.02,3089309.13,624.11,1330.64,17902.58,52527.15,349225.18,420768.07,6205.63,5002.1
202108,961033.47,529325.7,99440.21,3159715.32,402.95,790.52,18734.59,55032.48,360595.99,427123.67,10095.59,8283.09
202607,7975139.94,3800592.19,68602.77,4058803.01,0.0,0.0,6607.51,30011.4,341104.26,577982.13,0.0,0.0
202606,7699815.65,3599270.78,64041.78,4235160.17,0.0,0.0,6693.47,30773.59,340587.57,577082.91,0.0,0.0
202605,7854699.48,3478034.84,65540.9,3828232.89,0.0,0.0,6299.28,28997.49,321873.66,541107.26,0.0,0.0
202604,7370602.06,3421732.27,65272.11,4064285.57,0.0,0.0,6667.11,32464.83,326984.42,552159.56,0.0,0.0
202603,7442903.15,3533664.12,69211.12,4196796.01,0.0,0.0,7367.69,32865.28,346881.81,572564.03,0.0,0.0
202602,6606114.79,2996838.9,63710.34,3342672.09,0.0,0.0,6264.06,26618.21,307053.39,487957.93,0.0,0.0
202601,7021997.69,3170990.34,59302.67,3819653.6,0.0,0.0,7053.84,30801.1,315999.89,511645.82,0.0,0.0
202512,7858999.2,3771628.4,77612.7,4632904.84,0.0,0.0,7934.51,33738.32,360617.75,603920.36,0.0,0.0
202511,7161424.75,3122098.39,61980.91,3565384.27,0.0,0.0,7021.35,29207.65,317968.79,513158.5,0.0,0.0
202510,7262044.71,3315978.67,69508.97,3935395.1,0.0,0.0,8133.43,34584.96,347805.9,570061.34,0.0,0.0
202509,6843677.25,3178872.86,67787.76,3935730.15,0.0,0.0,8401.46,36257.82,349079.13,569213.66,0.0,0.0
202508,6965545.33,3033563.78,64506.6,3700999.64,0.0,0.0,7764.15,34009.59,328959.8,522435.28,0.0,0.0
202507,6671770.9,3055518.75,67192.89,3915166.65,0.0,0.0,8507.87,35797.81,353819.55,564569.38,0.0,0.0
202506,6453692.04,2865951.56,61192.05,3728009.92,0.0,0.0,8217.12,34182.86,338127.37,523439.24,0.0,0.0
202505,6632765.22,2818937.95,64178.98,3799492.18,0.0,0.0,8406.19,35833.8,340006.42,532979.61,0.0,0.0
202504,6267333.46,2673358.43,58891.0,3798026.1,0.0,0.0,8454.24,36327.15,341624.79,539022.34,0.0,0.0
202503,6238231.6,2566965.2,61294.83,3683199.49,0.0,0.0,8808.83,35645.95,340788.0,516117.79,0.0,0.0
202502,5598509.94,2429262.08,61949.09,3378764.97,0.0,0.0,8350.17,33019.98,324481.7,488180.37,0.0,0.0
202501,5673012.47,2469941.67,62232.13,3705721.69,0.0,0.0,9199.15,36429.91,338952.59,519244.8,0.0,0.0
202412,6429873.76,2778266.67,75539.52,4248330.27,0.0,0.0,9616.44,37774.51,361042.81,566693.06,0.0,0.0
202411,5794534.99,2456993.87,68004.61,3526411.66,0.0,0.0,9018.91,34430.29,332501.15,512370.3,0.0,0.0
202410,5712448.02,2476793.69,68590.55,3885790.21,0.0,0.0,10202.17,39646.01,362192.91,563986.63,0.0,0.0
202409,5515140.08,2313327.22,66156.06,3730246.74,0.0,0.0,9978.94,39601.85,344698.46,520250.19,0.0,0.0
202408,5639358.01,2326231.16,67581.13,3621022.67,0.0,0.0,10009.39,39142.87,343924.99,519248.33,0.0,0.0
202407,5392806.29,2338132.97,69657.23,3828950.29,0.0,0.0,10942.8,41504.78,366484.15,546660.21,0.0,0.0
202406,5252176.9,2118312.04,64970.94,3544187.49,0.0,0.0,9642.76,36114.74,327754.93,475278.61,0.0,0.0
202405,5204193.37,2103326.01,69023.19,3482037.72,0.0,0.0,10467.85,40133.55,349180.92,506302.82,0.0,0.0
202404,4900457.64,2062609.18,70647.2,3652606.92,0.0,0.0,11179.22,43295.4,361633.28,524619.69,0.0,0.0
202403,4880450.84,1920981.78,67565.09,3333054.72,0.0,0.0,10122.46,36644.55,336435.46,469047.59,0.0,0.0
202402,4344916.74,1703935.27,65805.91,2981226.89,60.01,109.32,10373.38,37076.26,332269.47,463066.01,61.89,34.21
202401,4350076.79,1804382.83,70343.33,3337346.6,387.18,815.94,11919.12,41615.89,363550.32,516702.44,600.76,616.58
202312,4783759.11,1919836.0,80202.34,3629759.48,1152.37,2498.31,11241.91,39208.22,337552.05,484391.91,1412.03,1399.42
202311,4211458.47,1727397.13,74398.41,3135995.22,754.56,1711.45,11866.27,40735.16,345234.36,490503.75,1506.38,1521.77
202310,4050452.35,1652921.87,71870.56,3325168.55,664.92,1578.12,12902.42,46646.9,362721.59,512336.66,1746.38,1763.79
202309,3830813.55,1527905.08,69407.83,3190050.37,483.31,1085.19,11916.38,41653.43,340115.13,471176.87,2636.88,2532.14
202308,3753059.35,1518932.78,76572.62,3406865.07,614.09,1481.22,13113.98,46973.84,360865.3,501254.74,5253.95,3197.77
202307,3533075.01,1422691.71,71737.39,3363338.77,667.68,1589.98,12782.7,43634.75,353354.67,479276.62,4722.99,4401.98
202306,3296854.65,1365761.97,73637.42,3658988.54,710.66,1683.4,12898.39,44354.61,348653.58,475375.14,3810.8,4006.27
202305,3189216.59,1343030.1,76551.74,3772412.45,620.33,1492.52,14171.91,50982.54,366029.09,509111.41,4139.19,4971.97
202304,2910507.63,1191585.15,69286.78,3234549.45,661.7,1594.82,12188.2,43399.52,326293.01,443418.56,2378.17,2279.99
202303,3001955.59,1280323.99,80528.87,3635596.89,680.54,1584.04,13763.41,55997.48,362664.11,487777.17,2595.33,2565.47
202302,2539124.04,1055639.04,70232.83,2889422.93,645.05,1512.53,12393.22,50947.11,325643.69,427177.9,2436.12,2367.58
202301,2575313.68,1111232.54,77982.34,3394583.49,632.37,1438.59,14091.41,46687.43,357005.85,479459.52,2499.45,2534.06
202212,2872229.03,1221189.67,91361.54,3810324.55,1272.38,2757.91,14246.95,47529.19,349044.0,478219.38,3211.72,3117.79
202211,2498449.43,1075310.97,83094.38,3323697.77,602.37,1316.4,14501.4,48575.49,349118.91,473580.19,3248.99,3187.94
202210,2436486.47,1046413.03,79833.93,3248099.31,657.19,1535.22,14985.6,49550.28,353610.13,477418.67,3411.03,3278.9
202209,2287655.11,1019526.37,85504.31,3471556.34,483.81,1073.51,15454.12,52438.11,350208.81,475684.01,4247.83,4047.07
202208,2180316.37,983789.49,88850.51,3587442.45,440.6,973.35,16827.09,57856.85,373212.23,505529.0,6694.35,6367.15
202207,2060630.59,933098.09,82325.31,3378764.36,753.36,1688.6,15237.06,50103.61,342147.16,450111.25,7105.1,6692.24
202206,1925887.77,888818.17,84009.11,3541847.8,692.63,1615.03,15759.32,51717.74,350345.01,460839.19,6785.49,6596.06
202205,1856767.98,882394.8,87854.94,3695833.5,714.97,1619.31,16857.13,56889.59,364436.61,480056.55,7014.02,6799.14
202204,1664792.46,772171.43,82723.74,3211893.37,704.51,1551.8,15144.47,49618.47,334954.82,431871.09,4105.58,3686.33
202203,1598295.91,787017.65,93022.24,3583365.23,582.01,1277.27,18276.79,58871.56,380679.53,475829.92,4906.23,4354.95
202202,1367497.83,644475.7,79412.96,2880855.45,537.39,1147.26,14059.59,42796.67,308925.15,370347.17,4095.13,3701.32
202201,1284230.01,636333.2,84458.74,3042937.65,675.96,1441.29,16195.58,47613.5,343641.99,420659.17,4193.62,3920.09
202112,1442212.36,714884.43,105998.02,3670235.48,1305.51,2524.43,18159.22,54523.81,357708.47,452537.25,5017.86,4698.79
202111,1226445.29,620923.1,96520.8,3046202.31,691.57,1416.04,18274.71,53233.05,361368.8,443844.71,5648.19,4725.76
202110,1167627.95,580611.15,91544.91,3090855.32,681.7,1495.72,17160.27,49988.27,342504.64,412222.98,6050.76,4742.44
202109,1028427.24,553183.59,94312.02,3089309.13,624.11,1330.64,17902.58,52527.15,349225.18,420768.07,6205.63,5002.1
202607,7975139.94,3800592.19,68602.77,4058803.01,0.0,0.0,6607.51,30011.4,341104.26,577982.13,0.0,0.0
202606,7699815.65,3599270.78,64041.78,4235160.17,0.0,0.0,6693.47,30773.59,340587.57,577082.91,0.0,0.0
202605,7854699.48,3478034.84,65540.9,3828232.89,0.0,0.0,6299.28,28997.49,321873.66,541107.26,0.0,0.0
202604,7370602.06,3421732.27,65272.11,4064285.57,0.0,0.0,6667.11,32464.83,326984.42,552159.56,0.0,0.0
202603,7442903.15,3533664.12,69211.12,4196796.01,0.0,0.0,7367.69,32865.28,346881.81,572564.03,0.0,0.0
202602,6606114.79,2996838.9,63710.34,3342672.09,0.0,0.0,6264.06,26618.21,307053.39,487957.93,0.0,0.0
202601,7021997.69,3170990.34,59302.67,3819653.6,0.0,0.0,7053.84,30801.1,315999.89,511645.82,0.0,0.0
202512,7858999.2,3771628.4,77612.7,4632904.84,0.0,0.0,7934.51,33738.32,360617.75,603920.36,0.0,0.0
202511,7161424.75,3122098.39,61980.91,3565384.27,0.0,0.0,7021.35,29207.65,317968.79,513158.5,0.0,0.0
202510,7262044.71,3315978.67,69508.97,3935395.1,0.0,0.0,8133.43,34584.96,347805.9,570061.34,0.0,0.0
202509,6843677.25,3178872.86,67787.76,3935730.15,0.0,0.0,8401.46,36257.82,349079.13,569213.66,0.0,0.0
202508,6965545.33,3033563.78,64506.6,3700999.64,0.0,0.0,7764.15,34009.59,328959.8,522435.28,0.0,0.0
202507,6671770.9,3055518.75,67192.89,3915166.65,0.0,0.0,8507.87,35797.81,353819.55,564569.38,0.0,0.0
202506,6453692.04,2865951.56,61192.05,3728009.92,0.0,0.0,8217.12,34182.86,338127.37,523439.24,0.0,0.0
202505,6632765.22,2818937.95,64178.98,3799492.18,0.0,0.0,8406.19,35833.8,340006.42,532979.61,0.0,0.0
202504,6267333.46,2673358.43,58891.0,3798026.1,0.0,0.0,8454.24,36327.15,341624.79,539022.34,0.0,0.0
202503,6238231.6,2566965.2,61294.83,3683199.49,0.0,0.0,8808.83,35645.95,340788.0,516117.79,0.0,0.0
202502,5598509.94,2429262.08,61949.09,3378764.97,0.0,0.0,8350.17,33019.98,324481.7,488180.37,0.0,0.0
202501,5673012.47,2469941.67,62232.13,3705721.69,0.0,0.0,9199.15,36429.91,338952.59,519244.8,0.0,0.0
202412,6429873.76,2778266.67,75539.52,4248330.27,0.0,0.0,9616.44,37774.51,361042.81,566693.06,0.0,0.0
202411,5794534.99,2456993.87,68004.61,3526411.66,0.0,0.0,9018.91,34430.29,332501.15,512370.3,0.0,0.0
202410,5712448.02,2476793.69,68590.55,3885790.21,0.0,0.0,10202.17,39646.01,362192.91,563986.63,0.0,0.0
202409,5515140.08,2313327.22,66156.06,3730246.74,0.0,0.0,9978.94,39601.85,344698.46,520250.19,0.0,0.0
202408,5639358.01,2326231.16,67581.13,3621022.67,0.0,0.0,10009.39,39142.87,343924.99,519248.33,0.0,0.0
202407,5392806.29,2338132.97,69657.23,3828950.29,0.0,0.0,10942.8,41504.78,366484.15,546660.21,0.0,0.0
202406,5252176.9,2118312.04,64970.94,3544187.49,0.0,0.0,9642.76,36114.74,327754.93,475278.61,0.0,0.0
202405,5204193.37,2103326.01,69023.19,3482037.72,0.0,0.0,10467.85,40133.55,349180.92,506302.82,0.0,0.0
202404,4900457.64,2062609.18,70647.2,3652606.92,0.0,0.0,11179.22,43295.4,361633.28,524619.69,0.0,0.0
202403,4880450.84,1920981.78,67565.09,3333054.72,0.0,0.0,10122.46,36644.55,336435.46,469047.59,0.0,0.0
202402,4344916.74,1703935.27,65805.91,2981226.89,60.01,109.32,10373.38,37076.26,332269.47,463066.01,61.89,34.21
202401,4350076.79,1804382.83,70343.33,3337346.6,387.18,815.94,11919.12,41615.89,363550.32,516702.44,600.76,616.58
202312,4783759.11,1919836.0,80202.34,3629759.48,1152.37,2498.31,11241.91,39208.22,337552.05,484391.91,1412.03,1399.42
202311,4211458.47,1727397.13,74398.41,3135995.22,754.56,1711.45,11866.27,40735.16,345234.36,490503.75,1506.38,1521.77
202310,4050452.35,1652921.87,71870.56,3325168.55,664.92,1578.12,12902.42,46646.9,362721.59,512336.66,1746.38,1763.79
202309,3830813.55,1527905.08,69407.83,3190050.37,483.31,1085.19,11916.38,41653.43,340115.13,471176.87,2636.88,2532.14
202308,3753059.35,1518932.78,76572.62,3406865.07,614.09,1481.22,13113.98,46973.84,360865.3,501254.74,5253.95,3197.77
202307,3533075.01,1422691.71,71737.39,3363338.77,667.68,1589.98,12782.7,43634.75,353354.67,479276.62,4722.99,4401.98
202306,3296854.65,1365761.97,73637.42,3658988.54,710.66,1683.4,12898.39,44354.61,348653.58,475375.14,3810.8,4006.27
202305,3189216.59,1343030.1,76551.74,3772412.45,620.33,1492.52,14171.91,50982.54,366029.09,509111.41,4139.19,4971.97
202304,2910507.63,1191585.15,69286.78,3234549.45,661.7,1594.82,12188.2,43399.52,326293.01,443418.56,2378.17,2279.99
202303,3001955.59,1280323.99,80528.87,3635596.89,680.54,1584.04,13763.41,55997.48,362664.11,487777.17,2595.33,2565.47
202302,2539124.04,1055639.04,70232.83,2889422.93,645.05,1512.53,12393.22,50947.11,325643.69,427177.9,2436.12,2367.58
202301,2575313.68,1111232.54,77982.34,3394583.49,632.37,1438.59,14091.41,46687.43,357005.85,479459.52,2499.45,2534.06
202212,2872229.03,1221189.67,91361.54,3810324.55,1272.38,2757.91,14246.95,47529.19,349044.0,478219.38,3211.72,3117.79
202211,2498449.43,1075310.97,83094.38,3323697.77,602.37,1316.4,14501.4,48575.49,349118.91,473580.19,3248.99,3187.94
202210,2436486.47,1046413.03,79833.93,3248099.31,657.19,1535.22,14985.6,49550.28,353610.13,477418.67,3411.03,3278.9
202209,2287655.11,1019526.37,85504.31,3471556.34,483.81,1073.51,15454.12,52438.11,350208.81,475684.01,4247.83,4047.07
202208,2180316.37,983789.49,88850.51,3587442.45,440.6,973.35,16827.09,57856.85,373212.23,505529.0,6694.35,6367.15
202207,2060630.59,933098.09,82325.31,3378764.36,753.36,1688.6,15237.06,50103.61,342147.16,450111.25,7105.1,6692.24
202206,1925887.77,888818.17,84009.11,3541847.8,692.63,1615.03,15759.32,51717.74,350345.01,460839.19,6785.49,6596.06
202205,1856767.98,882394.8,87854.94,3695833.5,714.97,1619.31,16857.13,56889.59,364436.61,480056.55,7014.02,6799.14
202204,1664792.46,772171.43,82723.74,3211893.37,704.51,1551.8,15144.47,49618.47,334954.82,431871.09,4105.58,3686.33
202203,1598295.91,787017.65,93022.24,3583365.23,582.01,1277.27,18276.79,58871.56,380679.53,475829.92,4906.23,4354.95
202202,1367497.83,644475.7,79412.96,2880855.45,537.39,1147.26,14059.59,42796.67,308925.15,370347.17,4095.13,3701.32
202201,1284230.01,636333.2,84458.74,3042937.65,675.96,1441.29,16195.58,47613.5,343641.99,420659.17,4193.62,3920.09
202112,1442212.36,714884.43,105998.02,3670235.48,1305.51,2524.43,18159.22,54523.81,357708.47,452537.25,5017.86,4698.79
202111,1226445.29,620923.1,96520.8,3046202.31,691.57,1416.04,18274.71,53233.05,361368.8,443844.71,5648.19,4725.76
202110,1167627.95,580611.15,91544.91,3090855.32,681.7,1495.72,17160.27,49988.27,342504.64,412222.98,6050.76,4742.44
202607,7975139.94,3800592.19,68602.77,4058803.01,0.0,0.0,6607.51,30011.4,341104.26,577982.13,0.0,0.0
202606,7699815.65,3599270.78,64041.78,4235160.17,0.0,0.0,6693.47,30773.59,340587.57,577082.91,0.0,0.0
202605,7854699.48,3478034.84,65540.9,3828232.89,0.0,0.0,6299.28,28997.49,321873.66,541107.26,0.0,0.0
202604,7370602.06,3421732.27,65272.11,4064285.57,0.0,0.0,6667.11,32464.83,326984.42,552159.56,0.0,0.0
202603,7442903.15,3533664.12,69211.12,4196796.01,0.0,0.0,7367.69,32865.28,346881.81,572564.03,0.0,0.0
202602,6606114.79,2996838.9,63710.34,3342672.09,0.0,0.0,6264.06,26618.21,307053.39,487957.93,0.0,0.0
202601,7021997.69,3170990.34,59302.67,3819653.6,0.0,0.0,7053.84,30801.1,315999.89,511645.82,0.0,0.0
202512,7858999.2,3771628.4,77612.7,4632904.84,0.0,0.0,7934.51,33738.32,360617.75,603920.36,0.0,0.0
202511,7161424.75,3122098.39,61980.91,3565384.27,0.0,0.0,7021.35,29207.65,317968.79,513158.5,0.0,0.0
202510,7262044.71,3315978.67,69508.97,3935395.1,0.0,0.0,8133.43,34584.96,347805.9,570061.34,0.0,0.0
202509,6843677.25,3178872.86,67787.76,3935730.15,0.0,0.0,8401.46,36257.82,349079.13,569213.66,0.0,0.0
202508,6965545.33,3033563.78,64506.6,3700999.64,0.0,0.0,7764.15,34009.59,328959.8,522435.28,0.0,0.0
202507,6671770.9,3055518.75,67192.89,3915166.65,0.0,0.0,8507.87,35797.81,353819.55,564569.38,0.0,0.0
202506,6453692.04,2865951.56,61192.05,3728009.92,0.0,0.0,8217.12,34182.86,338127.37,523439.24,0.0,0.0
202505,6632765.22,2818937.95,64178.98,3799492.18,0.0,0.0,8406.19,35833.8,340006.42,532979.61,0.0,0.0
202504,6267333.46,2673358.43,58891.0,3798026.1,0.0,0.0,8454.24,36327.15,341624.79,539022.34,0.0,0.0
202503,6238231.6,2566965.2,61294.83,3683199.49,0.0,0.0,8808.83,35645.95,340788.0,516117.79,0.0,0.0
202502,5598509.94,2429262.08,61949.09,3378764.97,0.0,0.0,8350.17,33019.98,324481.7,488180.37,0.0,0.0
202501,5673012.47,2469941.67,62232.13,3705721.69,0.0,0.0,9199.15,36429.91,338952.59,519244.8,0.0,0.0
202412,6429873.76,2778266.67,75539.52,4248330.27,0.0,0.0,9616.44,37774.51,361042.81,566693.06,0.0,0.0
202411,5794534.99,2456993.87,68004.61,3526411.66,0.0,0.0,9018.91,34430.29,332501.15,512370.3,0.0,0.0
202410,5712448.02,2476793.69,68590.55,3885790.21,0.0,0.0,10202.17,39646.01,362192.91,563986.63,0.0,0.0
202409,5515140.08,2313327.22,66156.06,3730246.74,0.0,0.0,9978.94,39601.85,344698.46,520250.19,0.0,0.0
202408,5639358.01,2326231.16,67581.13,3621022.67,0.0,0.0,10009.39,39142.87,343924.99,519248.33,0.0,0.0
202407,5392806.29,2338132.97,69657.23,3828950.29,0.0,0.0,10942.8,41504.78,366484.15,546660.21,0.0,0.0
202406,5252176.9,2118312.04,64970.94,3544187.49,0.0,0.0,9642.76,36114.74,327754.93,475278.61,0.0,0.0
202405,5204193.37,2103326.01,69023.19,3482037.72,0.0,0.0,10467.85,40133.55,349180.92,506302.82,0.0,0.0
202404,4900457.64,2062609.18,70647.2,3652606.92,0.0,0.0,11179.22,43295.4,361633.28,524619.69,0.0,0.0
202403,4880450.84,1920981.78,67565.09,3333054.72,0.0,0.0,10122.46,36644.55,336435.46,469047.59,0.0,0.0
202402,4344916.74,1703935.27,65805.91,2981226.89,60.01,109.32,10373.38,37076.26,332269.47,463066.01,61.89,34.21
202401,4350076.79,1804382.83,70343.33,3337346.6,387.18,815.94,11919.12,41615.89,363550.32,516702.44,600.76,616.58
202312,4783759.11,1919836.0,80202.34,3629759.48,1152.37,2498.31,11241.91,39208.22,337552.05,484391.91,1412.03,1399.42
202311,4211458.47,1727397.13,74398.41,3135995.22,754.56,1711.45,11866.27,40735.16,345234.36,490503.75,1506.38,1521.77
202310,4050452.35,1652921.87,71870.56,3325168.55,664.92,1578.12,12902.42,46646.9,362721.59,512336.66,1746.38,1763.79
202309,3830813.55,1527905.08,69407.83,3190050.37,483.31,1085.19,11916.38,41653.43,340115.13,471176.87,2636.88,2532.14
202308,3753059.35,1518932.78,76572.62,3406865.07,614.09,1481.22,13113.98,46973.84,360865.3,501254.74,5253.95,3197.77
202307,3533075.01,1422691.71,71737.39,3363338.77,667.68,1589.98,12782.7,43634.75,353354.67,479276.62,4722.99,4401.98
202306,3296854.65,1365761.97,73637.42,3658988.54,710.66,1683.4,12898.39,44354.61,348653.58,475375.14,3810.8,4006.27
202305,3189216.59,1343030.1,76551.74,3772412.45,620.33,1492.52,14171.91,50982.54,366029.09,509111.41,4139.19,4971.97
202304,2910507.63,1191585.15,69286.78,3234549.45,661.7,1594.82,12188.2,43399.52,326293.01,443418.56,2378.17,2279.99
202303,3001955.59,1280323.99,80528.87,3635596.89,680.54,1584.04,13763.41,55997.48,362664.11,487777.17,2595.33,2565.47
202302,2539124.04,1055639.04,70232.83,2889422.93,645.05,1512.53,12393.22,50947.11,325643.69,427177.9,2436.12,2367.58
202301,2575313.68,1111232.54,77982.34,3394583.49,632.37,1438.59,14091.41,46687.43,357005.85,479459.52,2499.45,2534.06
202212,2872229.03,1221189.67,91361.54,3810324.55,1272.38,2757.91,14246.95,47529.19,349044.0,478219.38,3211.72,3117.79
202211,2498449.43,1075310.97,83094.38,3323697.77,602.37,1316.4,14501.4,48575.49,349118.91,473580.19,3248.99,3187.94
202210,2436486.47,1046413.03,79833.93,3248099.31,657.19,1535.22,14985.6,49550.28,353610.13,477418.67,3411.03,3278.9
202209,2287655.11,1019526.37,85504.31,3471556.34,483.81,1073.51,15454.12,52438.11,350208.81,475684.01,4247.83,4047.07
202208,2180316.37,983789.49,88850.51,3587442.45,440.6,973.35,16827.09,57856.85,373212.23,505529.0,6694.35,6367.15
202207,2060630.59,933098.09,82325.31,3378764.36,753.36,1688.6,15237.06,50103.61,342147.16,450111.25,7105.1,6692.24
202206,1925887.77,888818.17,84009.11,3541847.8,692.63,1615.03,15759.32,51717.74,350345.01,460839.19,6785.49,6596.06
202205,1856767.98,882394.8,87854.94,3695833.5,714.97,1619.31,16857.13,56889.59,364436.61,480056.55,7014.02,6799.14
202204,1664792.46,772171.43,82723.74,3211893.37,704.51,1551.8,15144.47,49618.47,334954.82,431871.09,4105.58,3686.33
202203,1598295.91,787017.65,93022.24,3583365.23,582.01,1277.27,18276.79,58871.56,380679.53,475829.92,4906.23,4354.95
202202,1367497.83,644475.7,79412.96,2880855.45,537.39,1147.26,14059.59,42796.67,308925.15,370347.17,4095.13,3701.32
202201,1284230.01,636333.2,84458.74,3042937.65,675.96,1441.29,16195.58,47613.5,343641.99,420659.17,4193.62,3920.09
202112,1442212.36,714884.43,105998.02,3670235.48,1305.51,2524.43,18159.22,54523.81,357708.47,452537.25,5017.86,4698.79
202111,1226445.29,620923.1,96520.8,3046202.31,691.57,1416.04,18274.71,53233.05,361368.8,443844.71,5648.19,4725.76
202607,7975139.94,3800592.19,68602.77,4058803.01,0.0,0.0,6607.51,30011.4,341104.26,577982.13,0.0,0.0
202606,7699815.65,3599270.78,64041.78,4235160.17,0.0,0.0,6693.47,30773.59,340587.57,577082.91,0.0,0.0
202605,7854699.48,3478034.84,65540.9,3828232.89,0.0,0.0,6299.28,28997.49,321873.66,541107.26,0.0,0.0
202604,7370602.06,3421732.27,65272.11,4064285.57,0.0,0.0,6667.11,32464.83,326984.42,552159.56,0.0,0.0
202603,7442903.15,3533664.12,69211.12,4196796.01,0.0,0.0,7367.69,32865.28,346881.81,572564.03,0.0,0.0
202602,6606114.79,2996838.9,63710.34,3342672.09,0.0,0.0,6264.06,26618.21,307053.39,487957.93,0.0,0.0
202601,7021997.69,3170990.34,59302.67,3819653.6,0.0,0.0,7053.84,30801.1,315999.89,511645.82,0.0,0.0
202512,7858999.2,3771628.4,77612.7,4632904.84,0.0,0.0,7934.51,33738.32,360617.75,603920.36,0.0,0.0
202511,7161424.75,3122098.39,61980.91,3565384.27,0.0,0.0,7021.35,29207.65,317968.79,513158.5,0.0,0.0
202510,7262044.71,3315978.67,69508.97,3935395.1,0.0,0.0,8133.43,34584.96,347805.9,570061.34,0.0,0.0
202509,6843677.25,3178872.86,67787.76,3935730.15,0.0,0.0,8401.46,36257.82,349079.13,569213.66,0.0,0.0
202508,6965545.33,3033563.78,64506.6,3700999.64,0.0,0.0,7764.15,34009.59,328959.8,522435.28,0.0,0.0
202507,6671770.9,3055518.75,67192.89,3915166.65,0.0,0.0,8507.87,35797.81,353819.55,564569.38,0.0,0.0
202506,6453692.04,2865951.56,61192.05,3728009.92,0.0,0.0,8217.12,34182.86,338127.37,523439.24,0.0,0.0
202505,6632765.22,2818937.95,64178.98,3799492.18,0.0,0.0,8406.19,35833.8,340006.42,532979.61,0.0,0.0
202504,6267333.46,2673358.43,58891.0,3798026.1,0.0,0.0,8454.24,36327.15,341624.79,539022.34,0.0,0.0
202503,6238231.6,2566965.2,61294.83,3683199.49,0.0,0.0,8808.83,35645.95,340788.0,516117.79,0.0,0.0
202502,5598509.94,2429262.08,61949.09,3378764.97,0.0,0.0,8350.17,33019.98,324481.7,488180.37,0.0,0.0
202501,5673012.47,2469941.67,62232.13,3705721.69,0.0,0.0,9199.15,36429.91,338952.59,519244.8,0.0,0.0
202412,6429873.76,2778266.67,75539.52,4248330.27,0.0,0.0,9616.44,37774.51,361042.81,566693.06,0.0,0.0
202411,5794534.99,2456993.87,68004.61,3526411.66,0.0,0.0,9018.91,34430.29,332501.15,512370.3,0.0,0.0
202410,5712448.02,2476793.69,68590.55,3885790.21,0.0,0.0,10202.17,39646.01,362192.91,563986.63,0.0,0.0
202409,5515140.08,2313327.22,66156.06,3730246.74,0.0,0.0,9978.94,39601.85,344698.46,520250.19,0.0,0.0
202408,5639358.01,2326231.16,67581.13,3621022.67,0.0,0.0,10009.39,39142.87,343924.99,519248.33,0.0,0.0
202407,5392806.29,2338132.97,69657.23,3828950.29,0.0,0.0,10942.8,41504.78,366484.15,546660.21,0.0,0.0
202406,5252176.9,2118312.04,64970.94,3544187.49,0.0,0.0,9642.76,36114.74,327754.93,475278.61,0.0,0.0
202405,5204193.37,2103326.01,69023.19,3482037.72,0.0,0.0,10467.85,40133.55,349180.92,506302.82,0.0,0.0
202404,4900457.64,2062609.18,70647.2,3652606.92,0.0,0.0,11179.22,43295.4,361633.28,524619.69,0.0,0.0
202403,4880450.84,1920981.78,67565.09,3333054.72,0.0,0.0,10122.46,36644.55,336435.46,469047.59,0.0,0.0
202402,4344916.74,1703935.27,65805.91,2981226.89,60.01,109.32,10373.38,37076.26,332269.47,463066.01,61.89,34.21
202401,4350076.79,1804382.83,70343.33,3337346.6,387.18,815.94,11919.12,41615.89,363550.32,516702.44,600.76,616.58
202312,4783759.11,1919836.0,80202.34,3629759.48,1152.37,2498.31,11241.91,39208.22,337552.05,484391.91,1412.03,1399.42
202311,4211458.47,1727397.13,74398.41,3135995.22,754.56,1711.45,11866.27,40735.16,345234.36,490503.75,1506.38,1521.77
202310,4050452.35,1652921.87,71870.56,3325168.55,664.92,1578.12,12902.42,46646.9,362721.59,512336.66,1746.38,1763.79
202309,3830813.55,1527905.08,69407.83,3190050.37,483.31,1085.19,11916.38,41653.43,340115.13,471176.87,2636.88,2532.14
202308,3753059.35,1518932.78,76572.62,3406865.07,614.09,1481.22,13113.98,46973.84,360865.3,501254.74,5253.95,3197.77
202307,3533075.01,1422691.71,71737.39,3363338.77,667.68,1589.98,12782.7,43634.75,353354.67,479276.62,4722.99,4401.98
202306,3296854.65,1365761.97,73637.42,3658988.54,710.66,1683.4,12898.39,44354.61,348653.58,475375.14,3810.8,4006.27
202305,3189216.59,1343030.1,76551.74,3772412.45,620.33,1492.52,14171.91,50982.54,366029.09,509111.41,4139.19,4971.97
202304,2910507.63,1191585.15,69286.78,3234549.45,661.7,1594.82,12188.2,43399.52,326293.01,443418.56,2378.17,2279.99
202303,3001955.59,1280323.99,80528.87,3635596.89,680.54,1584.04,13763.41,55997.48,362664.11,487777.17,2595.33,2565.47
202302,2539124.04,1055639.04,70232.83,2889422.93,645.05,1512.53,12393.22,50947.11,325643.69,427177.9,2436.12,2367.58
202301,2575313.68,1111232.54,77982.34,3394583.49,632.37,1438.59,14091.41,46687.43,357005.85,479459.52,2499.45,2534.06
202212,2872229.03,1221189.67,91361.54,3810324.55,1272.38,2757.91,14246.95,47529.19,349044.0,478219.38,3211.72,3117.79
202211,2498449.43,1075310.97,83094.38,3323697.77,602.37,1316.4,14501.4,48575.49,349118.91,473580.19,3248.99,3187.94
202210,2436486.47,1046413.03,79833.93,3248099.31,657.19,1535.22,14985.6,49550.28,353610.13,477418.67,3411.03,3278.9
202209,2287655.11,1019526.37,85504.31,3471556.34,483.81,1073.51,15454.12,52438.11,350208.81,475684.01,4247.83,4047.07
202208,2180316.37,983789.49,88850.51,3587442.45,440.6,973.35,16827.09,57856.85,373212.23,505529.0,6694.35,6367.15
202207,2060630.59,933098.09,82325.31,3378764.36,753.36,1688.6,15237.06,50103.61,342147.16,450111.25,7105.1,6692.24
202206,1925887.77,888818.17,84009.11,3541847.8,692.63,1615.03,15759.32,51717.74,350345.01,460839.19,6785.49,6596.06
202205,1856767.98,882394.8,87854.94,3695833.5,714.97,1619.31,16857.13,56889.59,364436.61,480056.55,7014.02,6799.14
202204,1664792.46,772171.43,82723.74,3211893.37,704.51,1551.8,15144.47,49618.47,334954.82,431871.09,4105.58,3686.33
202203,1598295.91,787017.65,93022.24,3583365.23,582.01,1277.27,18276.79,58871.56,380679.53,475829.92,4906.23,4354.95
202202,1367497.83,644475.7,79412.96,2880855.45,537.39,1147.26,14059.59,42796.67,308925.15,370347.17,4095.13,3701.32
202201,1284230.01,636333.2,84458.74,3042937.65,675.96,1441.29,16195.58,47613.5,343641.99,420659.17,4193.62,3920.09
202112,1442212.36,714884.43,105998.02,3670235.48,1305.51,2524.43,18159.22,54523.81,357708.47,452537.25,5017.86,4698.79
202607,7975139.94,3800592.19,68602.77,4058803.01,0.0,0.0,6607.51,30011.4,341104.26,577982.13,0.0,0.0
202606,7699815.65,3599270.78,64041.78,4235160.17,0.0,0.0,6693.47,30773.59,340587.57,577082.91,0.0,0.0
202605,7854699.48,3478034.84,65540.9,3828232.89,0.0,0.0,6299.28,28997.49,321873.66,541107.26,0.0,0.0
202604,7370602.06,3421732.27,65272.11,4064285.57,0.0,0.0,6667.11,32464.83,326984.42,552159.56,0.0,0.0
202603,7442903.15,3533664.12,69211.12,4196796.01,0.0,0.0,7367.69,32865.28,346881.81,572564.03,0.0,0.0
202602,6606114.79,2996838.9,63710.34,3342672.09,0.0,0.0,6264.06,26618.21,307053.39,487957.93,0.0,0.0
202601,7021997.69,3170990.34,59302.67,3819653.6,0.0,0.0,7053.84,30801.1,315999.89,511645.82,0.0,0.0
202512,7858999.2,3771628.4,77612.7,4632904.84,0.0,0.0,7934.51,33738.32,360617.75,603920.36,0.0,0.0
202511,7161424.75,3122098.39,61980.91,3565384.27,0.0,0.0,7021.35,29207.65,317968.79,513158.5,0.0,0.0
202510,7262044.71,3315978.67,69508.97,3935395.1,0.0,0.0,8133.43,34584.96,347805.9,570061.34,0.0,0.0
202509,6843677.25,3178872.86,67787.76,3935730.15,0.0,0.0,8401.46,36257.82,349079.13,569213.66,0.0,0.0
202508,6965545.33,3033563.78,64506.6,3700999.64,0.0,0.0,7764.15,34009.59,328959.8,522435.28,0.0,0.0
202507,6671770.9,3055518.75,67192.89,3915166.65,0.0,0.0,8507.87,35797.81,353819.55,564569.38,0.0,0.0
202506,6453692.04,2865951.56,61192.05,3728009.92,0.0,0.0,8217.12,34182.86,338127.37,523439.24,0.0,0.0
202505,6632765.22,2818937.95,64178.98,3799492.18,0.0,0.0,8406.19,35833.8,340006.42,532979.61,0.0,0.0
202504,6267333.46,2673358.43,58891.0,3798026.1,0.0,0.0,8454.24,36327.15,341624.79,539022.34,0.0,0.0
202503,6238231.6,2566965.2,61294.83,3683199.49,0.0,0.0,8808.83,35645.95,340788.0,516117.79,0.0,0.0
202502,5598509.94,2429262.08,61949.09,3378764.97,0.0,0.0,8350.17,33019.98,324481.7,488180.37,0.0,0.0
202501,5673012.47,2469941.67,62232.13,3705721.69,0.0,0.0,9199.15,36429.91,338952.59,519244.8,0.0,0.0
202412,6429873.76,2778266.67,75539.52,4248330.27,0.0,0.0,9616.44,37774.51,361042.81,566693.06,0.0,0.0
202411,5794534.99,2456993.87,68004.61,3526411.66,0.0,0.0,9018.91,34430.29,332501.15,512370.3,0.0,0.0
202410,5712448.02,2476793.69,68590.55,3885790.21,0.0,0.0,10202.17,39646.01,362192.91,563986.63,0.0,0.0
202409,5515140.08,2313327.22,66156.06,3730246.74,0.0,0.0,9978.94,39601.85,344698.46,520250.19,0.0,0.0
202408,5639358.01,2326231.16,67581.13,3621022.67,0.0,0.0,10009.39,39142.87,343924.99,519248.33,0.0,0.0
202407,5392806.29,2338132.97,69657.23,3828950.29,0.0,0.0,10942.8,41504.78,366484.15,546660.21,0.0,0.0
202406,5252176.9,2118312.04,64970.94,3544187.49,0.0,0.0,9642.76,36114.74,327754.93,475278.61,0.0,0.0
202405,5204193.37,2103326.01,69023.19,3482037.72,0.0,0.0,10467.85,40133.55,349180.92,506302.82,0.0,0.0
202404,4900457.64,2062609.18,70647.2,3652606.92,0.0,0.0,11179.22,43295.4,361633.28,524619.69,0.0,0.0
202403,4880450.84,1920981.78,67565.09,3333054.72,0.0,0.0,10122.46,36644.55,336435.46,469047.59,0.0,0.0
202402,4344916.74,1703935.27,65805.91,2981226.89,60.01,109.32,10373.38,37076.26,332269.47,463066.01,61.89,34.21
202401,4350076.79,1804382.83,70343.33,3337346.6,387.18,815.94,11919.12,41615.89,363550.32,516702.44,600.76,616.58
202312,4783759.11,1919836.0,80202.34,3629759.48,1152.37,2498.31,11241.91,39208.22,337552.05,484391.91,1412.03,1399.42
202311,4211458.47,1727397.13,74398.41,3135995.22,754.56,1711.45,11866.27,40735.16,345234.36,490503.75,1506.38,1521.77
202310,4050452.35,1652921.87,71870.56,3325168.55,664.92,1578.12,12902.42,46646.9,362721.59,512336.66,1746.38,1763.79
202309,3830813.55,1527905.08,69407.83,3190050.37,483.31,1085.19,11916.38,41653.43,340115.13,471176.87,2636.88,2532.14
202308,3753059.35,1518932.78,76572.62,3406865.07,614.09,1481.22,13113.98,46973.84,360865.3,501254.74,5253.95,3197.77
202307,3533075.01,1422691.71,71737.39,3363338.77,667.68,1589.98,12782.7,43634.75,353354.67,479276.62,4722.99,4401.98
202306,3296854.65,1365761.97,73637.42,3658988.54,710.66,1683.4,12898.39,44354.61,348653.58,475375.14,3810.8,4006.27
202305,3189216.59,1343030.1,76551.74,3772412.45,620.33,1492.52,14171.91,50982.54,366029.09,509111.41,4139.19,4971.97
202304,2910507.63,1191585.15,69286.78,3234549.45,661.7,1594.82,12188.2,43399.52,326293.01,443418.56,2378.17,2279.99
202303,3001955.59,1280323.99,80528.87,3635596.89,680.54,1584.04,13763.41,55997.48,362664.11,487777.17,2595.33,2565.47
202302,2539124.04,1055639.04,70232.83,2889422.93,645.05,1512.53,12393.22,50947.11,325643.69,427177.9,2436.12,2367.58
202301,2575313.68,1111232.54,77982.34,3394583.49,632.37,1438.59,14091.41,46687.43,357005.85,479459.52,2499.45,2534.06
202212,2872229.03,1221189.67,91361.54,3810324.55,1272.38,2757.91,14246.95,47529.19,349044.0,478219.38,3211.72,3117.79
202211,2498449.43,1075310.97,83094.38,3323697.77,602.37,1316.4,14501.4,48575.49,349118.91,473580.19,3248.99,3187.94
202210,2436486.47,1046413.03,79833.93,3248099.31,657.19,1535.22,14985.6,49550.28,353610.13,477418.67,3411.03,3278.9
202209,2287655.11,1019526.37,85504.31,3471556.34,483.81,1073.51,15454.12,52438.11,350208.81,475684.01,4247.83,4047.07
202208,2180316.37,983789.49,88850.51,3587442.45,440.6,973.35,16827.09,57856.85,373212.23,505529.0,6694.35,6367.15
202207,2060630.59,933098.09,82325.31,3378764.36,753.36,1688.6,15237.06,50103.61,342147.16,450111.25,7105.1,6692.24
202206,1925887.77,888818.17,84009.11,3541847.8,692.63,1615.03,15759.32,51717.74,350345.01,460839.19,6785.49,6596.06
202205,1856767.98,882394.8,87854.94,3695833.5,714.97,1619.31,16857.13,56889.59,364436.61,480056.55,7014.02,6799.14
202204,1664792.46,772171.43,82723.74,3211893.37,704.51,1551.8,15144.47,49618.47,334954.82,431871.09,4105.58,3686.33
202203,1598295.91,787017.65,93022.24,3583365.23,582.01,1277.27,18276.79,58871.56,380679.53,475829.92,4906.23,4354.95
202202,1367497.83,644475.7,79412.96,2880855.45,537.39,1147.26,14059.59,42796.67,308925.15,370347.17,4095.13,3701.32
202201,1284230.01,636333.2,84458.74,3042937.65,675.96,1441.29,16195.58,47613.5,343641.99,420659.17,4193.62,3920.09
202607,7975139.94,3800592.19,68602.77,4058803.01,0.0,0.0,6607.51,30011.4,341104.26,577982.13,0.0,0.0
202606,7699815.65,3599270.78,64041.78,4235160.17,0.0,0.0,6693.47,30773.59,340587.57,577082.91,0.0,0.0
202605,7854699.48,3478034.84,65540.9,3828232.89,0.0,0.0,6299.28,28997.49,321873.66,541107.26,0.0,0.0
202604,7370602.06,3421732.27,65272.11,4064285.57,0.0,0.0,6667.11,32464.83,326984.42,552159.56,0.0,0.0
202603,7442903.15,3533664.12,69211.12,4196796.01,0.0,0.0,7367.69,32865.28,346881.81,572564.03,0.0,0.0
202602,6606114.79,2996838.9,63710.34,3342672.09,0.0,0.0,6264.06,26618.21,307053.39,487957.93,0.0,0.0
202601,7021997.69,3170990.34,59302.67,3819653.6,0.0,0.0,7053.84,30801.1,315999.89,511645.82,0.0,0.0
202512,7858999.2,3771628.4,77612.7,4632904.84,0.0,0.0,7934.51,33738.32,360617.75,603920.36,0.0,0.0
202511,7161424.75,3122098.39,61980.91,3565384.27,0.0,0.0,7021.35,29207.65,317968.79,513158.5,0.0,0.0
202510,7262044.71,3315978.67,69508.97,3935395.1,0.0,0.0,8133.43,34584.96,347805.9,570061.34,0.0,0.0
202509,6843677.25,3178872.86,67787.76,3935730.15,0.0,0.0,8401.46,36257.82,349079.13,569213.66,0.0,0.0
202508,6965545.33,3033563.78,64506.6,3700999.64,0.0,0.0,7764.15,34009.59,328959.8,522435.28,0.0,0.0
202507,6671770.9,3055518.75,67192.89,3915166.65,0.0,0.0,8507.87,35797.81,353819.55,564569.38,0.0,0.0
202506,6453692.04,2865951.56,61192.05,3728009.92,0.0,0.0,8217.12,34182.86,338127.37,523439.24,0.0,0.0
202505,6632765.22,2818937.95,64178.98,3799492.18,0.0,0.0,8406.19,35833.8,340006.42,532979.61,0.0,0.0
202504,6267333.46,2673358.43,58891.0,3798026.1,0.0,0.0,8454.24,36327.15,341624.79,539022.34,0.0,0.0
202503,6238231.6,2566965.2,61294.83,3683199.49,0.0,0.0,8808.83,35645.95,340788.0,516117.79,0.0,0.0
202502,5598509.94,2429262.08,61949.09,3378764.97,0.0,0.0,8350.17,33019.98,324481.7,488180.37,0.0,0.0
202501,5673012.47,2469941.67,62232.13,3705721.69,0.0,0.0,9199.15,36429.91,338952.59,519244.8,0.0,0.0
202412,6429873.76,2778266.67,75539.52,4248330.27,0.0,0.0,9616.44,37774.51,361042.81,566693.06,0.0,0.0
202411,5794534.99,2456993.87,68004.61,3526411.66,0.0,0.0,9018.91,34430.29,332501.15,512370.3,0.0,0.0
202410,5712448.02,2476793.69,68590.55,3885790.21,0.0,0.0,10202.17,39646.01,362192.91,563986.63,0.0,0.0
202409,5515140.08,2313327.22,66156.06,3730246.74,0.0,0.0,9978.94,39601.85,344698.46,520250.19,0.0,0.0
202408,5639358.01,2326231.16,67581.13,3621022.67,0.0,0.0,10009.39,39142.87,343924.99,519248.33,0.0,0.0
202407,5392806.29,2338132.97,69657.23,3828950.29,0.0,0.0,10942.8,41504.78,366484.15,546660.21,0.0,0.0
202406,5252176.9,2118312.04,64970.94,3544187.49,0.0,0.0,9642.76,36114.74,327754.93,475278.61,0.0,0.0
202405,5204193.37,2103326.01,69023.19,3482037.72,0.0,0.0,10467.85,40133.55,349180.92,506302.82,0.0,0.0
202404,4900457.64,2062609.18,70647.2,3652606.92,0.0,0.0,11179.22,43295.4,361633.28,524619.69,0.0,0.0
202403,4880450.84,1920981.78,67565.09,3333054.72,0.0,0.0,10122.46,36644.55,336435.46,469047.59,0.0,0.0
202402,4344916.74,1703935.27,65805.91,2981226.89,60.01,109.32,10373.38,37076.26,332269.47,463066.01,61.89,34.21
202401,4350076.79,1804382.83,70343.33,3337346.6,387.18,815.94,11919.12,41615.89,363550.32,516702.44,600.76,616.58
202312,4783759.11,1919836.0,80202.34,3629759.48,1152.37,2498.31,11241.91,39208.22,337552.05,484391.91,1412.03,1399.42
202311,4211458.47,1727397.13,74398.41,3135995.22,754.56,1711.45,11866.27,40735.16,345234.36,490503.75,1506.38,1521.77
202310,4050452.35,1652921.87,71870.56,3325168.55,664.92,1578.12,12902.42,46646.9,362721.59,512336.66,1746.38,1763.79
202309,3830813.55,1527905.08,69407.83,3190050.37,483.31,1085.19,11916.38,41653.43,340115.13,471176.87,2636.88,2532.14
202308,3753059.35,1518932.78,76572.62,3406865.07,614.09,1481.22,13113.98,46973.84,360865.3,501254.74,5253.95,3197.77
202307,3533075.01,1422691.71,71737.39,3363338.77,667.68,1589.98,12782.7,43634.75,353354.67,479276.62,4722.99,4401.98
202306,3296854.65,1365761.97,73637.42,3658988.54,710.66,1683.4,12898.39,44354.61,348653.58,475375.14,3810.8,4006.27
202305,3189216.59,1343030.1,76551.74,3772412.45,620.33,1492.52,14171.91,50982.54,366029.09,509111.41,4139.19,4971.97
202304,2910507.63,1191585.15,69286.78,3234549.45,661.7,1594.82,12188.2,43399.52,326293.01,443418.56,2378.17,2279.99
202303,3001955.59,1280323.99,80528.87,3635596.89,680.54,1584.04,13763.41,55997.48,362664.11,487777.17,2595.33,2565.47
202302,2539124.04,1055639.04,70232.83,2889422.93,645.05,1512.53,12393.22,50947.11,325643.69,427177.9,2436.12,2367.58
202301,2575313.68,1111232.54,77982.34,3394583.49,632.37,1438.59,14091.41,46687.43,357005.85,479459.52,2499.45,2534.06
202212,2872229.03,1221189.67,91361.54,3810324.55,1272.38,2757.91,14246.95,47529.19,349044.0,478219.38,3211.72,3117.79
202211,2498449.43,1075310.97,83094.38,3323697.77,602.37,1316.4,14501.4,48575.49,349118.91,473580.19,3248.99,3187.94
202210,2436486.47,1046413.03,79833.93,3248099.31,657.19,1535.22,14985.6,49550.28,353610.13,477418.67,3411.03,3278.9
202209,2287655.11,1019526.37,85504.31,3471556.34,483.81,1073.51,15454.12,52438.11,350208.81,475684.01,4247.83,4047.07
202208,2180316.37,983789.49,88850.51,3587442.45,440.6,973.35,16827.09,57856.85,373212.23,505529.0,6694.35,6367.15
202207,2060630.59,933098.09,82325.31,3378764.36,753.36,1688.6,15237.06,50103.61,342147.16,450111.25,7105.1,6692.24
202206,1925887.77,888818.17,84009.11,3541847.8,692.63,1615.03,15759.32,51717.74,350345.01,460839.19,6785.49,6596.06
202205,1856767.98,882394.8,87854.94,3695833.5,714.97,1619.31,16857.13,56889.59,364436.61,480056.55,7014.02,6799.14
202204,1664792.46,772171.43,82723.74,3211893.37,704.51,1551.8,15144.47,49618.47,334954.82,431871.09,4105.58,3686.33
202203,1598295.91,787017.65,93022.24,3583365.23,582.01,1277.27,18276.79,58871.56,380679.53,475829.92,4906.23,4354.95
202202,1367497.83,644475.7,79412.96,2880855.45,537.39,1147.26,14059.59,42796.67,308925.15,370347.17,4095.13,3701.32
202607,7975139.94,3800592.19,68602.77,4058803.01,0.0,0.0,6607.51,30011.4,341104.26,577982.13,0.0,0.0
202606,7699815.65,3599270.78,64041.78,4235160.17,0.0,0.0,6693.47,30773.59,340587.57,577082.91,0.0,0.0
202605,7854699.48,3478034.84,65540.9,3828232.89,0.0,0.0,6299.28,28997.49,321873.66,541107.26,0.0,0.0
202604,7370602.06,3421732.27,65272.11,4064285.57,0.0,0.0,6667.11,32464.83,326984.42,552159.56,0.0,0.0
202603,7442903.15,3533664.12,69211.12,4196796.01,0.0,0.0,7367.69,32865.28,346881.81,572564.03,0.0,0.0
202602,6606114.79,2996838.9,63710.34,3342672.09,0.0,0.0,6264.06,26618.21,307053.39,487957.93,0.0,0.0
202601,7021997.69,3170990.34,59302.67,3819653.6,0.0,0.0,7053.84,30801.1,315999.89,511645.82,0.0,0.0
202512,7858999.2,3771628.4,77612.7,4632904.84,0.0,0.0,7934.51,33738.32,360617.75,603920.36,0.0,0.0
202511,7161424.75,3122098.39,61980.91,3565384.27,0.0,0.0,7021.35,29207.65,317968.79,513158.5,0.0,0.0
202510,7262044.71,3315978.67,69508.97,3935395.1,0.0,0.0,8133.43,34584.96,347805.9,570061.34,0.0,0.0
202509,6843677.25,3178872.86,67787.76,3935730.15,0.0,0.0,8401.46,36257.82,349079.13,569213.66,0.0,0.0
202508,6965545.33,3033563.78,64506.6,3700999.64,0.0,0.0,7764.15,34009.59,328959.8,522435.28,0.0,0.0
202507,6671770.9,3055518.75,67192.89,3915166.65,0.0,0.0,8507.87,35797.81,353819.55,564569.38,0.0,0.0
202506,6453692.04,2865951.56,61192.05,3728009.92,0.0,0.0,8217.12,34182.86,338127.37,523439.24,0.0,0.0
202505,6632765.22,2818937.95,64178.98,3799492.18,0.0,0.0,8406.19,35833.8,340006.42,532979.61,0.0,0.0
202504,6267333.46,2673358.43,58891.0,3798026.1,0.0,0.0,8454.24,36327.15,341624.79,539022.34,0.0,0.0
202503,6238231.6,2566965.2,61294.83,3683199.49,0.0,0.0,8808.83,35645.95,340788.0,516117.79,0.0,0.0
202502,5598509.94,2429262.08,61949.09,3378764.97,0.0,0.0,8350.17,33019.98,324481.7,488180.37,0.0,0.0
202501,5673012.47,2469941.67,62232.13,3705721.69,0.0,0.0,9199.15,36429.91,338952.59,519244.8,0.0,0.0
202412,6429873.76,2778266.67,75539.52,4248330.27,0.0,0.0,9616.44,37774.51,361042.81,566693.06,0.0,0.0
202411,5794534.99,2456993.87,68004.61,3526411.66,0.0,0.0,9018.91,34430.29,332501.15,512370.3,0.0,0.0
202410,5712448.02,2476793.69,68590.55,3885790.21,0.0,0.0,10202.17,39646.01,362192.91,563986.63,0.0,0.0
202409,5515140.08,2313327.22,66156.06,3730246.74,0.0,0.0,9978.94,39601.85,344698.46,520250.19,0.0,0.0
202408,5639358.01,2326231.16,67581.13,3621022.67,0.0,0.0,10009.39,39142.87,343924.99,519248.33,0.0,0.0
202407,5392806.29,2338132.97,69657.23,3828950.29,0.0,0.0,10942.8,41504.78,366484.15,546660.21,0.0,0.0
202406,5252176.9,2118312.04,64970.94,3544187.49,0.0,0.0,9642.76,36114.74,327754.93,475278.61,0.0,0.0
202405,5204193.37,2103326.01,69023.19,3482037.72,0.0,0.0,10467.85,40133.55,349180.92,506302.82,0.0,0.0
202404,4900457.64,2062609.18,70647.2,3652606.92,0.0,0.0,11179.22,43295.4,361633.28,524619.69,0.0,0.0
202403,4880450.84,1920981.78,67565.09,3333054.72,0.0,0.0,10122.46,36644.55,336435.46,469047.59,0.0,0.0
202402,4344916.74,1703935.27,65805.91,2981226.89,60.01,109.32,10373.38,37076.26,332269.47,463066.01,61.89,34.21
202401,4350076.79,1804382.83,70343.33,3337346.6,387.18,815.94,11919.12,41615.89,363550.32,516702.44,600.76,616.58
202312,4783759.11,1919836.0,80202.34,3629759.48,1152.37,2498.31,11241.91,39208.22,337552.05,484391.91,1412.03,1399.42
202311,4211458.47,1727397.13,74398.41,3135995.22,754.56,1711.45,11866.27,40735.16,345234.36,490503.75,1506.38,1521.77
202310,4050452.35,1652921.87,71870.56,3325168.55,664.92,1578.12,12902.42,46646.9,362721.59,512336.66,1746.38,1763.79
202309,3830813.55,1527905.08,69407.83,3190050.37,483.31,1085.19,11916.38,41653.43,340115.13,471176.87,2636.88,2532.14
202308,3753059.35,1518932.78,76572.62,3406865.07,614.09,1481.22,13113.98,46973.84,360865.3,501254.74,5253.95,3197.77
202307,3533075.01,1422691.71,71737.39,3363338.77,667.68,1589.98,12782.7,43634.75,353354.67,479276.62,4722.99,4401.98
202306,3296854.65,1365761.97,73637.42,3658988.54,710.66,1683.4,12898.39,44354.61,348653.58,475375.14,3810.8,4006.27
202305,3189216.59,1343030.1,76551.74,3772412.45,620.33,1492.52,14171.91,50982.54,366029.09,509111.41,4139.19,4971.97
202304,2910507.63,1191585.15,69286.78,3234549.45,661.7,1594.82,12188.2,43399.52,326293.01,443418.56,2378.17,2279.99
202303,3001955.59,1280323.99,80528.87,3635596.89,680.54,1584.04,13763.41,55997.48,362664.11,487777.17,2595.33,2565.47
202302,2539124.04,1055639.04,70232.83,2889422.93,645.05,1512.53,12393.22,50947.11,325643.69,427177.9,2436.12,2367.58
202301,2575313.68,1111232.54,77982.34,3394583.49,632.37,1438.59,14091.41,46687.43,357005.85,479459.52,2499.45,2534.06
202212,2872229.03,1221189.67,91361.54,3810324.55,1272.38,2757.91,14246.95,47529.19,349044.0,478219.38,3211.72,3117.79
202211,2498449.43,1075310.97,83094.38,3323697.77,602.37,1316.4,14501.4,48575.49,349118.91,473580.19,3248.99,3187.94
202210,2436486.47,1046413.03,79833.93,3248099.31,657.19,1535.22,14985.6,49550.28,353610.13,477418.67,3411.03,3278.9
202209,2287655.11,1019526.37,85504.31,3471556.34,483.81,1073.51,15454.12,52438.11,350208.81,475684.01,4247.83,4047.07
202208,2180316.37,983789.49,88850.51,3587442.45,440.6,973.35,16827.09,57856.85,373212.23,505529.0,6694.35,6367.15
202207,2060630.59,933098.09,82325.31,3378764.36,753.36,1688.6,15237.06,50103.61,342147.16,450111.25,7105.1,6692.24
202206,1925887.77,888818.17,84009.11,3541847.8,692.63,1615.03,15759.32,51717.74,350345.01,460839.19,6785.49,6596.06
202205,1856767.98,882394.8,87854.94,3695833.5,714.97,1619.31,16857.13,56889.59,364436.61,480056.55,7014.02,6799.14
202204,1664792.46,772171.43,82723.74,3211893.37,704.51,1551.8,15144.47,49618.47,334954.82,431871.09,4105.58,3686.33
202203,1598295.91,787017.65,93022.24,3583365.23,582.01,1277.27,18276.79,58871.56,380679.53,475829.92,4906.23,4354.95
202607,7975139.94,3800592.19,68602.77,4058803.01,0.0,0.0,6607.51,30011.4,341104.26,577982.13,0.0,0.0
202606,7699815.65,3599270.78,64041.78,4235160.17,0.0,0.0,6693.47,30773.59,340587.57,577082.91,0.0,0.0
202605,7854699.48,3478034.84,65540.9,3828232.89,0.0,0.0,6299.28,28997.49,321873.66,541107.26,0.0,0.0
202604,7370602.06,3421732.27,65272.11,4064285.57,0.0,0.0,6667.11,32464.83,326984.42,552159.56,0.0,0.0
202603,7442903.15,3533664.12,69211.12,4196796.01,0.0,0.0,7367.69,32865.28,346881.81,572564.03,0.0,0.0
202602,6606114.79,2996838.9,63710.34,3342672.09,0.0,0.0,6264.06,26618.21,307053.39,487957.93,0.0,0.0
202601,7021997.69,3170990.34,59302.67,3819653.6,0.0,0.0,7053.84,30801.1,315999.89,511645.82,0.0,0.0
202512,7858999.2,3771628.4,77612.7,4632904.84,0.0,0.0,7934.51,33738.32,360617.75,603920.36,0.0,0.0
202511,7161424.75,3122098.39,61980.91,3565384.27,0.0,0.0,7021.35,29207.65,317968.79,513158.5,0.0,0.0
202510,7262044.71,3315978.67,69508.97,3935395.1,0.0,0.0,8133.43,34584.96,347805.9,570061.34,0.0,0.0
202509,6843677.25,3178872.86,67787.76,3935730.15,0.0,0.0,8401.46,36257.82,349079.13,569213.66,0.0,0.0
202508,6965545.33,3033563.78,64506.6,3700999.64,0.0,0.0,7764.15,34009.59,328959.8,522435.28,0.0,0.0
202507,6671770.9,3055518.75,67192.89,3915166.65,0.0,0.0,8507.87,35797.81,353819.55,564569.38,0.0,0.0
202506,6453692.04,2865951.56,61192.05,3728009.92,0.0,0.0,8217.12,34182.86,338127.37,523439.24,0.0,0.0
202505,6632765.22,2818937.95,64178.98,3799492.18,0.0,0.0,8406.19,35833.8,340006.42,532979.61,0.0,0.0
202504,6267333.46,2673358.43,58891.0,3798026.1,0.0,0.0,8454.24,36327.15,341624.79,539022.34,0.0,0.0
202503,6238231.6,2566965.2,61294.83,3683199.49,0.0,0.0,8808.83,35645.95,340788.0,516117.79,0.0,0.0
202502,5598509.94,2429262.08,61949.09,3378764.97,0.0,0.0,8350.17,33019.98,324481.7,488180.37,0.0,0.0
202501,5673012.47,2469941.67,62232.13,3705721.69,0.0,0.0,9199.15,36429.91,338952.59,519244.8,0.0,0.0
202412,6429873.76,2778266.67,75539.52,4248330.27,0.0,0.0,9616.44,37774.51,361042.81,566693.06,0.0,0.0
202411,5794534.99,2456993.87,68004.61,3526411.66,0.0,0.0,9018.91,34430.29,332501.15,512370.3,0.0,0.0
202410,5712448.02,2476793.69,68590.55,3885790.21,0.0,0.0,10202.17,39646.01,362192.91,563986.63,0.0,0.0
202409,5515140.08,2313327.22,66156.06,3730246.74,0.0,0.0,9978.94,39601.85,344698.46,520250.19,0.0,0.0
202408,5639358.01,2326231.16,67581.13,3621022.67,0.0,0.0,10009.39,39142.87,343924.99,519248.33,0.0,0.0
202407,5392806.29,2338132.97,69657.23,3828950.29,0.0,0.0,10942.8,41504.78,366484.15,546660.21,0.0,0.0
202406,5252176.9,2118312.04,64970.94,3544187.49,0.0,0.0,9642.76,36114.74,327754.93,475278.61,0.0,0.0
202405,5204193.37,2103326.01,69023.19,3482037.72,0.0,0.0,10467.85,40133.55,349180.92,506302.82,0.0,0.0
202404,4900457.64,2062609.18,70647.2,3652606.92,0.0,0.0,11179.22,43295.4,361633.28,524619.69,0.0,0.0
202403,4880450.84,1920981.78,67565.09,3333054.72,0.0,0.0,10122.46,36644.55,336435.46,469047.59,0.0,0.0
202402,4344916.74,1703935.27,65805.91,2981226.89,60.01,109.32,10373.38,37076.26,332269.47,463066.01,61.89,34.21
202401,4350076.79,1804382.83,70343.33,3337346.6,387.18,815.94,11919.12,41615.89,363550.32,516702.44,600.76,616.58
202312,4783759.11,1919836.0,80202.34,3629759.48,1152.37,2498.31,11241.91,39208.22,337552.05,484391.91,1412.03,1399.42
202311,4211458.47,1727397.13,74398.41,3135995.22,754.56,1711.45,11866.27,40735.16,345234.36,490503.75,1506.38,1521.77
202310,4050452.35,1652921.87,71870.56,3325168.55,664.92,1578.12,12902.42,46646.9,362721.59,512336.66,1746.38,1763.79
202309,3830813.55,1527905.08,69407.83,3190050.37,483.31,1085.19,11916.38,41653.43,340115.13,471176.87,2636.88,2532.14
202308,3753059.35,1518932.78,76572.62,3406865.07,614.09,1481.22,13113.98,46973.84,360865.3,501254.74,5253.95,3197.77
202307,3533075.01,1422691.71,71737.39,3363338.77,667.68,1589.98,12782.7,43634.75,353354.67,479276.62,4722.99,4401.98
202306,3296854.65,1365761.97,73637.42,3658988.54,710.66,1683.4,12898.39,44354.61,348653.58,475375.14,3810.8,4006.27
202305,3189216.59,1343030.1,76551.74,3772412.45,620.33,1492.52,14171.91,50982.54,366029.09,509111.41,4139.19,4971.97
202304,2910507.63,1191585.15,69286.78,3234549.45,661.7,1594.82,12188.2,43399.52,326293.01,443418.56,2378.17,2279.99
202303,3001955.59,1280323.99,80528.87,3635596.89,680.54,1584.04,13763.41,55997.48,362664.11,487777.17,2595.33,2565.47
202302,2539124.04,1055639.04,70232.83,2889422.93,645.05,1512.53,12393.22,50947.11,325643.69,427177.9,2436.12,2367.58
202301,2575313.68,1111232.54,77982.34,3394583.49,632.37,1438.59,14091.41,46687.43,357005.85,479459.52,2499.45,2534.06
202212,2872229.03,1221189.67,91361.54,3810324.55,1272.38,2757.91,14246.95,47529.19,349044.0,478219.38,3211.72,3117.79
202211,2498449.43,1075310.97,83094.38,3323697.77,602.37,1316.4,14501.4,48575.49,349118.91,473580.19,3248.99,3187.94
202210,2436486.47,1046413.03,79833.93,3248099.31,657.19,1535.22,14985.6,49550.28,353610.13,477418.67,3411.03,3278.9
202209,2287655.11,1019526.37,85504.31,3471556.34,483.81,1073.51,15454.12,52438.11,350208.81,475684.01,4247.83,4047.07
202208,2180316.37,983789.49,88850.51,3587442.45,440.6,973.35,16827.09,57856.85,373212.23,505529.0,6694.35,6367.15
202207,2060630.59,933098.09,82325.31,3378764.36,753.36,1688.6,15237.06,50103.61,342147.16,450111.25,7105.1,6692.24
202206,1925887.77,888818.17,84009.11,3541847.8,692.63,1615.03,15759.32,51717.74,350345.01,460839.19,6785.49,6596.06
202205,1856767.98,882394.8,87854.94,3695833.5,714.97,1619.31,16857.13,56889.59,364436.61,480056.55,7014.02,6799.14
202204,1664792.46,772171.43,82723.74,3211893.37,704.51,1551.8,15144.47,49618.47,334954.82,431871.09,4105.58,3686.33
202607,7975139.94,3800592.19,68602.77,4058803.01,0.0,0.0,6607.51,30011.4,341104.26,577982.13,0.0,0.0
202606,7699815.65,3599270.78,64041.78,4235160.17,0.0,0.0,6693.47,30773.59,340587.57,577082.91,0.0,0.0
202605,7854699.48,3478034.84,65540.9,3828232.89,0.0,0.0,6299.28,28997.49,321873.66,541107.26,0.0,0.0
202604,7370602.06,3421732.27,65272.11,4064285.57,0.0,0.0,6667.11,32464.83,326984.42,552159.56,0.0,0.0
202603,7442903.15,3533664.12,69211.12,4196796.01,0.0,0.0,7367.69,32865.28,346881.81,572564.03,0.0,0.0
202602,6606114.79,2996838.9,63710.34,3342672.09,0.0,0.0,6264.06,26618.21,307053.39,487957.93,0.0,0.0
202601,7021997.69,3170990.34,59302.67,3819653.6,0.0,0.0,7053.84,30801.1,315999.89,511645.82,0.0,0.0
202512,7858999.2,3771628.4,77612.7,4632904.84,0.0,0.0,7934.51,33738.32,360617.75,603920.36,0.0,0.0
202511,7161424.75,3122098.39,61980.91,3565384.27,0.0,0.0,7021.35,29207.65,317968.79,513158.5,0.0,0.0
202510,7262044.71,3315978.67,69508.97,3935395.1,0.0,0.0,8133.43,34584.96,347805.9,570061.34,0.0,0.0
202509,6843677.25,3178872.86,67787.76,3935730.15,0.0,0.0,8401.46,36257.82,349079.13,569213.66,0.0,0.0
202508,6965545.33,3033563.78,64506.6,3700999.64,0.0,0.0,7764.15,34009.59,328959.8,522435.28,0.0,0.0
202507,6671770.9,3055518.75,67192.89,3915166.65,0.0,0.0,8507.87,35797.81,353819.55,564569.38,0.0,0.0
202506,6453692.04,2865951.56,61192.05,3728009.92,0.0,0.0,8217.12,34182.86,338127.37,523439.24,0.0,0.0
202505,6632765.22,2818937.95,64178.98,3799492.18,0.0,0.0,8406.19,35833.8,340006.42,532979.61,0.0,0.0
202504,6267333.46,2673358.43,58891.0,3798026.1,0.0,0.0,8454.24,36327.15,341624.79,539022.34,0.0,0.0
202503,6238231.6,2566965.2,61294.83,3683199.49,0.0,0.0,8808.83,35645.95,340788.0,516117.79,0.0,0.0
202502,5598509.94,2429262.08,61949.09,3378764.97,0.0,0.0,8350.17,33019.98,324481.7,488180.37,0.0,0.0
202501,5673012.47,2469941.67,62232.13,3705721.69,0.0,0.0,9199.15,36429.91,338952.59,519244.8,0.0,0.0
202412,6429873.76,2778266.67,75539.52,4248330.27,0.0,0.0,9616.44,37774.51,361042.81,566693.06,0.0,0.0
202411,5794534.99,2456993.87,68004.61,3526411.66,0.0,0.0,9018.91,34430.29,332501.15,512370.3,0.0,0.0
202410,5712448.02,2476793.69,68590.55,3885790.21,0.0,0.0,10202.17,39646.01,362192.91,563986.63,0.0,0.0
202409,5515140.08,2313327.22,66156.06,3730246.74,0.0,0.0,9978.94,39601.85,344698.46,520250.19,0.0,0.0
202408,5639358.01,2326231.16,67581.13,3621022.67,0.0,0.0,10009.39,39142.87,343924.99,519248.33,0.0,0.0
202407,5392806.29,2338132.97,69657.23,3828950.29,0.0,0.0,10942.8,41504.78,366484.15,546660.21,0.0,0.0
202406,5252176.9,2118312.04,64970.94,3544187.49,0.0,0.0,9642.76,36114.74,327754.93,475278.61,0.0,0.0
202405,5204193.37,2103326.01,69023.19,3482037.72,0.0,0.0,10467.85,40133.55,349180.92,506302.82,0.0,0.0
202404,4900457.64,2062609.18,70647.2,3652606.92,0.0,0.0,11179.22,43295.4,361633.28,524619.69,0.0,0.0
202403,4880450.84,1920981.78,67565.09,3333054.72,0.0,0.0,10122.46,36644.55,336435.46,469047.59,0.0,0.0
202402,4344916.74,1703935.27,65805.91,2981226.89,60.01,109.32,10373.38,37076.26,332269.47,463066.01,61.89,34.21
202401,4350076.79,1804382.83,70343.33,3337346.6,387.18,815.94,11919.12,41615.89,363550.32,516702.44,600.76,616.58
202312,4783759.11,1919836.0,80202.34,3629759.48,1152.37,2498.31,11241.91,39208.22,337552.05,484391.91,1412.03,1399.42
202311,4211458.47,1727397.13,74398.41,3135995.22,754.56,1711.45,11866.27,40735.16,345234.36,490503.75,1506.38,1521.77
202310,4050452.35,1652921.87,71870.56,3325168.55,664.92,1578.12,12902.42,46646.9,362721.59,512336.66,1746.38,1763.79
202309,3830813.55,1527905.08,69407.83,3190050.37,483.31,1085.19,11916.38,41653.43,340115.13,471176.87,2636.88,2532.14
202308,3753059.35,1518932.78,76572.62,3406865.07,614.09,1481.22,13113.98,46973.84,360865.3,501254.74,5253.95,3197.77
202307,3533075.01,1422691.71,71737.39,3363338.77,667.68,1589.98,12782.7,43634.75,353354.67,479276.62,4722.99,4401.98
202306,3296854.65,1365761.97,73637.42,3658988.54,710.66,1683.4,12898.39,44354.61,348653.58,475375.14,3810.8,4006.27
202305,3189216.59,1343030.1,76551.74,3772412.45,620.33,1492.52,14171.91,50982.54,366029.09,509111.41,4139.19,4971.97
202304,2910507.63,1191585.15,69286.78,3234549.45,661.7,1594.82,12188.2,43399.52,326293.01,443418.56,2378.17,2279.99
202303,3001955.59,1280323.99,80528.87,3635596.89,680.54,1584.04,13763.41,55997.48,362664.11,487777.17,2595.33,2565.47
202302,2539124.04,1055639.04,70232.83,2889422.93,645.05,1512.53,12393.22,50947.11,325643.69,427177.9,2436.12,2367.58
202301,2575313.68,1111232.54,77982.34,3394583.49,632.37,1438.59,14091.41,46687.43,357005.85,479459.52,2499.45,2534.06
202212,2872229.03,1221189.67,91361.54,3810324.55,1272.38,2757.91,14246.95,47529.19,349044.0,478219.38,3211.72,3117.79
202211,2498449.43,1075310.97,83094.38,3323697.77,602.37,1316.4,14501.4,48575.49,349118.91,473580.19,3248.99,3187.94
202210,2436486.47,1046413.03,79833.93,3248099.31,657.19,1535.22,14985.6,49550.28,353610.13,477418.67,3411.03,3278.9
202209,2287655.11,1019526.37,85504.31,3471556.34,483.81,1073.51,15454.12,52438.11,350208.81,475684.01,4247.83,4047.07
202208,2180316.37,983789.49,88850.51,3587442.45,440.6,973.35,16827.09,57856.85,373212.23,505529.0,6694.35,6367.15
202207,2060630.59,933098.09,82325.31,3378764.36,753.36,1688.6,15237.06,50103.61,342147.16,450111.25,7105.1,6692.24
202206,1925887.77,888818.17,84009.11,3541847.8,692.63,1615.03,15759.32,51717.74,350345.01,460839.19,6785.49,6596.06
202205,1856767.98,882394.8,87854.94,3695833.5,714.97,1619.31,16857.13,56889.59,364436.61,480056.55,7014.02,6799.14
202607,7975139.94,3800592.19,68602.77,4058803.01,0.0,0.0,6607.51,30011.4,341104.26,577982.13,0.0,0.0
202606,7699815.65,3599270.78,64041.78,4235160.17,0.0,0.0,6693.47,30773.59,340587.57,577082.91,0.0,0.0
202605,7854699.48,3478034.84,65540.9,3828232.89,0.0,0.0,6299.28,28997.49,321873.66,541107.26,0.0,0.0
202604,7370602.06,3421732.27,65272.11,4064285.57,0.0,0.0,6667.11,32464.83,326984.42,552159.56,0.0,0.0
202603,7442903.15,3533664.12,69211.12,4196796.01,0.0,0.0,7367.69,32865.28,346881.81,572564.03,0.0,0.0
202602,6606114.79,2996838.9,63710.34,3342672.09,0.0,0.0,6264.06,26618.21,307053.39,487957.93,0.0,0.0
202601,7021997.69,3170990.34,59302.67,3819653.6,0.0,0.0,7053.84,30801.1,315999.89,511645.82,0.0,0.0
202512,7858999.2,3771628.4,77612.7,4632904.84,0.0,0.0,7934.51,33738.32,360617.75,603920.36,0.0,0.0
202511,7161424.75,3122098.39,61980.91,3565384.27,0.0,0.0,7021.35,29207.65,317968.79,513158.5,0.0,0.0
202510,7262044.71,3315978.67,69508.97,3935395.1,0.0,0.0,8133.43,34584.96,347805.9,570061.34,0.0,0.0
202509,6843677.25,3178872.86,67787.76,3935730.15,0.0,0.0,8401.46,36257.82,349079.13,569213.66,0.0,0.0
202508,6965545.33,3033563.78,64506.6,3700999.64,0.0,0.0,7764.15,34009.59,328959.8,522435.28,0.0,0.0
202507,6671770.9,3055518.75,67192.89,3915166.65,0.0,0.0,8507.87,35797.81,353819.55,564569.38,0.0,0.0
202506,6453692.04,2865951.56,61192.05,3728009.92,0.0,0.0,8217.12,34182.86,338127.37,523439.24,0.0,0.0
202505,6632765.22,2818937.95,64178.98,3799492.18,0.0,0.0,8406.19,35833.8,340006.42,532979.61,0.0,0.0
202504,6267333.46,2673358.43,58891.0,3798026.1,0.0,0.0,8454.24,36327.15,341624.79,539022.34,0.0,0.0
202503,6238231.6,2566965.2,61294.83,3683199.49,0.0,0.0,8808.83,35645.95,340788.0,516117.79,0.0,0.0
202502,5598509.94,2429262.08,61949.09,3378764.97,0.0,0.0,8350.17,33019.98,324481.7,488180.37,0.0,0.0
202501,5673012.47,2469941.67,62232.13,3705721.69,0.0,0.0,9199.15,36429.91,338952.59,519244.8,0.0,0.0
202412,6429873.76,2778266.67,75539.52,4248330.27,0.0,0.0,9616.44,37774.51,361042.81,566693.06,0.0,0.0
202411,5794534.99,2456993.87,68004.61,3526411.66,0.0,0.0,9018.91,34430.29,332501.15,512370.3,0.0,0.0
202410,5712448.02,2476793.69,68590.55,3885790.21,0.0,0.0,10202.17,39646.01,362192.91,563986.63,0.0,0.0
202409,5515140.08,2313327.22,66156.06,3730246.74,0.0,0.0,9978.94,39601.85,344698.46,520250.19,0.0,0.0
202408,5639358.01,2326231.16,67581.13,3621022.67,0.0,0.0,10009.39,39142.87,343924.99,519248.33,0.0,0.0
202407,5392806.29,2338132.97,69657.23,3828950.29,0.0,0.0,10942.8,41504.78,366484.15,546660.21,0.0,0.0
202406,5252176.9,2118312.04,64970.94,3544187.49,0.0,0.0,9642.76,36114.74,327754.93,475278.61,0.0,0.0
202405,5204193.37,2103326.01,69023.19,3482037.72,0.0,0.0,10467.85,40133.55,349180.92,506302.82,0.0,0.0
202404,4900457.64,2062609.18,70647.2,3652606.92,0.0,0.0,11179.22,43295.4,361633.28,524619.69,0.0,0.0
202403,4880450.84,1920981.78,67565.09,3333054.72,0.0,0.0,10122.46,36644.55,336435.46,469047.59,0.0,0.0
202402,4344916.74,1703935.27,65805.91,2981226.89,60.01,109.32,10373.38,37076.26,332269.47,463066.01,61.89,34.21
202401,4350076.79,1804382.83,70343.33,3337346.6,387.18,815.94,11919.12,41615.89,363550.32,516702.44,600.76,616.58
202312,4783759.11,1919836.0,80202.34,3629759.48,1152.37,2498.31,11241.91,39208.22,337552.05,484391.91,1412.03,1399.42
202311,4211458.47,1727397.13,74398.41,3135995.22,754.56,1711.45,11866.27,40735.16,345234.36,490503.75,1506.38,1521.77
202310,4050452.35,1652921.87,71870.56,3325168.55,664.92,1578.12,12902.42,46646.9,362721.59,512336.66,1746.38,1763.79
202309,3830813.55,1527905.08,69407.83,3190050.37,483.31,1085.19,11916.38,41653.43,340115.13,471176.87,2636.88,2532.14
202308,3753059.35,1518932.78,76572.62,3406865.07,614.09,1481.22,13113.98,46973.84,360865.3,501254.74,5253.95,3197.77
202307,3533075.01,1422691.71,71737.39,3363338.77,667.68,1589.98,12782.7,43634.75,353354.67,479276.62,4722.99,4401.98
202306,3296854.65,1365761.97,73637.42,3658988.54,710.66,1683.4,12898.39,44354.61,348653.58,475375.14,3810.8,4006.27
202305,3189216.59,1343030.1,76551.74,3772412.45,620.33,1492.52,14171.91,50982.54,366029.09,509111.41,4139.19,4971.97
202304,2910507.63,1191585.15,69286.78,3234549.45,661.7,1594.82,12188.2,43399.52,326293.01,443418.56,2378.17,2279.99
202303,3001955.59,1280323.99,80528.87,3635596.89,680.54,1584.04,13763.41,55997.48,362664.11,487777.17,2595.33,2565.47
202302,2539124.04,1055639.04,70232.83,2889422.93,645.05,1512.53,12393.22,50947.11,325643.69,427177.9,2436.12,2367.58
202301,2575313.68,1111232.54,77982.34,3394583.49,632.37,1438.59,14091.41,46687.43,357005.85,479459.52,2499.45,2534.06
202212,2872229.03,1221189.67,91361.54,3810324.55,1272.38,2757.91,14246.95,47529.19,349044.0,478219.38,3211.72,3117.79
202211,2498449.43,1075310.97,83094.38,3323697.77,602.37,1316.4,14501.4,48575.49,349118.91,473580.19,3248.99,3187.94
202210,2436486.47,1046413.03,79833.93,3248099.31,657.19,1535.22,14985.6,49550.28,353610.13,477418.67,3411.03,3278.9
202209,2287655.11,1019526.37,85504.31,3471556.34,483.81,1073.51,15454.12,52438.11,350208.81,475684.01,4247.83,4047.07
202208,2180316.37,983789.49,88850.51,3587442.45,440.6,973.35,16827.09,57856.85,373212.23,505529.0,6694.35,6367.15
202207,2060630.59,933098.09,82325.31,3378764.36,753.36,1688.6,15237.06,50103.61,342147.16,450111.25,7105.1,6692.24
202206,1925887.77,888818.17,84009.11,3541847.8,692.63,1615.03,15759.32,51717.74,350345.01,460839.19,6785.49,6596.06
202607,7975139.94,3800592.19,68602.77,4058803.01,0.0,0.0,6607.51,30011.4,341104.26,577982.13,0.0,0.0
202606,7699815.65,3599270.78,64041.78,4235160.17,0.0,0.0,6693.47,30773.59,340587.57,577082.91,0.0,0.0
202605,7854699.48,3478034.84,65540.9,3828232.89,0.0,0.0,6299.28,28997.49,321873.66,541107.26,0.0,0.0
202604,7370602.06,3421732.27,65272.11,4064285.57,0.0,0.0,6667.11,32464.83,326984.42,552159.56,0.0,0.0
202603,7442903.15,3533664.12,69211.12,4196796.01,0.0,0.0,7367.69,32865.28,346881.81,572564.03,0.0,0.0
202602,6606114.79,2996838.9,63710.34,3342672.09,0.0,0.0,6264.06,26618.21,307053.39,487957.93,0.0,0.0
202601,7021997.69,3170990.34,59302.67,3819653.6,0.0,0.0,7053.84,30801.1,315999.89,511645.82,0.0,0.0
202512,7858999.2,3771628.4,77612.7,4632904.84,0.0,0.0,7934.51,33738.32,360617.75,603920.36,0.0,0.0
202511,7161424.75,3122098.39,61980.91,3565384.27,0.0,0.0,7021.35,29207.65,317968.79,513158.5,0.0,0.0
202510,7262044.71,3315978.67,69508.97,3935395.1,0.0,0.0,8133.43,34584.96,347805.9,570061.34,0.0,0.0
202509,6843677.25,3178872.86,67787.76,3935730.15,0.0,0.0,8401.46,36257.82,349079.13,569213.66,0.0,0.0
202508,6965545.33,3033563.78,64506.6,3700999.64,0.0,0.0,7764.15,34009.59,328959.8,522435.28,0.0,0.0
202507,6671770.9,3055518.75,67192.89,3915166.65,0.0,0.0,8507.87,35797.81,353819.55,564569.38,0.0,0.0
202506,6453692.04,2865951.56,61192.05,3728009.92,0.0,0.0,8217.12,34182.86,338127.37,523439.24,0.0,0.0
202505,6632765.22,2818937.95,64178.98,3799492.18,0.0,0.0,8406.19,35833.8,340006.42,532979.61,0.0,0.0
202504,6267333.46,2673358.43,58891.0,3798026.1,0.0,0.0,8454.24,36327.15,341624.79,539022.34,0.0,0.0
202503,6238231.6,2566965.2,61294.83,3683199.49,0.0,0.0,8808.83,35645.95,340788.0,516117.79,0.0,0.0
202502,5598509.94,2429262.08,61949.09,3378764.97,0.0,0.0,8350.17,33019.98,324481.7,488180.37,0.0,0.0
202501,5673012.47,2469941.67,62232.13,3705721.69,0.0,0.0,9199.15,36429.91,338952.59,519244.8,0.0,0.0
202412,6429873.76,2778266.67,75539.52,4248330.27,0.0,0.0,9616.44,37774.51,361042.81,566693.06,0.0,0.0
202411,5794534.99,2456993.87,68004.61,3526411.66,0.0,0.0,9018.91,34430.29,332501.15,512370.3,0.0,0.0
202410,5712448.02,2476793.69,68590.55,3885790.21,0.0,0.0,10202.17,39646.01,362192.91,563986.63,0.0,0.0
202409,5515140.08,2313327.22,66156.06,3730246.74,0.0,0.0,9978.94,39601.85,344698.46,520250.19,0.0,0.0
202408,5639358.01,2326231.16,67581.13,3621022.67,0.0,0.0,10009.39,39142.87,343924.99,519248.33,0.0,0.0
202407,5392806.29,2338132.97,69657.23,3828950.29,0.0,0.0,10942.8,41504.78,366484.15,546660.21,0.0,0.0
202406,5252176.9,2118312.04,64970.94,3544187.49,0.0,0.0,9642.76,36114.74,327754.93,475278.61,0.0,0.0
202405,5204193.37,2103326.01,69023.19,3482037.72,0.0,0.0,10467.85,40133.55,349180.92,506302.82,0.0,0.0
202404,4900457.64,2062609.18,70647.2,3652606.92,0.0,0.0,11179.22,43295.4,361633.28,524619.69,0.0,0.0
202403,4880450.84,1920981.78,67565.09,3333054.72,0.0,0.0,10122.46,36644.55,336435.46,469047.59,0.0,0.0
202402,4344916.74,1703935.27,65805.91,2981226.89,60.01,109.32,10373.38,37076.26,332269.47,463066.01,61.89,34.21
202401,4350076.79,1804382.83,70343.33,3337346.6,387.18,815.94,11919.12,41615.89,363550.32,516702.44,600.76,616.58
202312,4783759.11,1919836.0,80202.34,3629759.48,1152.37,2498.31,11241.91,39208.22,337552.05,484391.91,1412.03,1399.42
202311,4211458.47,1727397.13,74398.41,3135995.22,754.56,1711.45,11866.27,40735.16,345234.36,490503.75,1506.38,1521.77
202310,4050452.35,1652921.87,71870.56,3325168.55,664.92,1578.12,12902.42,46646.9,362721.59,512336.66,1746.38,1763.79
202309,3830813.55,1527905.08,69407.83,3190050.37,483.31,1085.19,11916.38,41653.43,340115.13,471176.87,2636.88,2532.14
202308,3753059.35,1518932.78,76572.62,3406865.07,614.09,1481.22,13113.98,46973.84,360865.3,501254.74,5253.95,3197.77
202307,3533075.01,1422691.71,71737.39,3363338.77,667.68,1589.98,12782.7,43634.75,353354.67,479276.62,4722.99,4401.98
202306,3296854.65,1365761.97,73637.42,3658988.54,710.66,1683.4,12898.39,44354.61,348653.58,475375.14,3810.8,4006.27
202305,3189216.59,1343030.1,76551.74,3772412.45,620.33,1492.52,14171.91,50982.54,366029.09,509111.41,4139.19,4971.97
202304,2910507.63,1191585.15,69286.78,3234549.45,661.7,1594.82,12188.2,43399.52,326293.01,443418.56,2378.17,2279.99
202303,3001955.59,1280323.99,80528.87,3635596.89,680.54,1584.04,13763.41,55997.48,362664.11,487777.17,2595.33,2565.47
202302,2539124.04,1055639.04,70232.83,2889422.93,645.05,1512.53,12393.22,50947.11,325643.69,427177.9,2436.12,2367.58
202301,2575313.68,1111232.54,77982.34,3394583.49,632.37,1438.59,14091.41,46687.43,357005.85,479459.52,2499.45,2534.06
202212,2872229.03,1221189.67,91361.54,3810324.55,1272.38,2757.91,14246.95,47529.19,349044.0,478219.38,3211.72,3117.79
202211,2498449.43,1075310.97,83094.38,3323697.77,602.37,1316.4,14501.4,48575.49,349118.91,473580.19,3248.99,3187.94
202210,2436486.47,1046413.03,79833.93,3248099.31,657.19,1535.22,14985.6,49550.28,353610.13,477418.67,3411.03,3278.9
202209,2287655.11,1019526.37,85504.31,3471556.34,483.81,1073.51,15454.12,52438.11,350208.81,475684.01,4247.83,4047.07
202208,2180316.37,983789.49,88850.51,3587442.45,440.6,973.35,16827.09,57856.85,373212.23,505529.0,6694.35,6367.15
202207,2060630.59,933098.09,82325.31,3378764.36,753.36,1688.6,15237.06,50103.61,342147.16,450111.25,7105.1,6692.24
202607,7975139.94,3800592.19,68602.77,4058803.01,0.0,0.0,6607.51,30011.4,341104.26,577982.13,0.0,0.0
202606,7699815.65,3599270.78,64041.78,4235160.17,0.0,0.0,6693.47,30773.59,340587.57,577082.91,0.0,0.0
202605,7854699.48,3478034.84,65540.9,3828232.89,0.0,0.0,6299.28,28997.49,321873.66,541107.26,0.0,0.0
202604,7370602.06,3421732.27,65272.11,4064285.57,0.0,0.0,6667.11,32464.83,326984.42,552159.56,0.0,0.0
202603,7442903.15,3533664.12,69211.12,4196796.01,0.0,0.0,7367.69,32865.28,346881.81,572564.03,0.0,0.0
202602,6606114.79,2996838.9,63710.34,3342672.09,0.0,0.0,6264.06,26618.21,307053.39,487957.93,0.0,0.0
202601,7021997.69,3170990.34,59302.67,3819653.6,0.0,0.0,7053.84,30801.1,315999.89,511645.82,0.0,0.0
202512,7858999.2,3771628.4,77612.7,4632904.84,0.0,0.0,7934.51,33738.32,360617.75,603920.36,0.0,0.0
202511,7161424.75,3122098.39,61980.91,3565384.27,0.0,0.0,7021.35,29207.65,317968.79,513158.5,0.0,0.0
202510,7262044.71,3315978.67,69508.97,3935395.1,0.0,0.0,8133.43,34584.96,347805.9,570061.34,0.0,0.0
202509,6843677.25,3178872.86,67787.76,3935730.15,0.0,0.0,8401.46,36257.82,349079.13,569213.66,0.0,0.0
202508,6965545.33,3033563.78,64506.6,3700999.64,0.0,0.0,7764.15,34009.59,328959.8,522435.28,0.0,0.0
202507,6671770.9,3055518.75,67192.89,3915166.65,0.0,0.0,8507.87,35797.81,353819.55,564569.38,0.0,0.0
202506,6453692.04,2865951.56,61192.05,3728009.92,0.0,0.0,8217.12,34182.86,338127.37,523439.24,0.0,0.0
202505,6632765.22,2818937.95,64178.98,3799492.18,0.0,0.0,8406.19,35833.8,340006.42,532979.61,0.0,0.0
202504,6267333.46,2673358.43,58891.0,3798026.1,0.0,0.0,8454.24,36327.15,341624.79,539022.34,0.0,0.0
202503,6238231.6,2566965.2,61294.83,3683199.49,0.0,0.0,8808.83,35645.95,340788.0,516117.79,0.0,0.0
202502,5598509.94,2429262.08,61949.09,3378764.97,0.0,0.0,8350.17,33019.98,324481.7,488180.37,0.0,0.0
202501,5673012.47,2469941.67,62232.13,3705721.69,0.0,0.0,9199.15,36429.91,338952.59,519244.8,0.0,0.0
202412,6429873.76,2778266.67,75539.52,4248330.27,0.0,0.0,9616.44,37774.51,361042.81,566693.06,0.0,0.0
202411,5794534.99,2456993.87,68004.61,3526411.66,0.0,0.0,9018.91,34430.29,332501.15,512370.3,0.0,0.0
202410,5712448.02,2476793.69,68590.55,3885790.21,0.0,0.0,10202.17,39646.01,362192.91,563986.63,0.0,0.0
202409,5515140.08,2313327.22,66156.06,3730246.74,0.0,0.0,9978.94,39601.85,344698.46,520250.19,0.0,0.0
202408,5639358.01,2326231.16,67581.13,3621022.67,0.0,0.0,10009.39,39142.87,343924.99,519248.33,0.0,0.0
202407,5392806.29,2338132.97,69657.23,3828950.29,0.0,0.0,10942.8,41504.78,366484.15,546660.21,0.0,0.0
202406,5252176.9,2118312.04,64970.94,3544187.49,0.0,0.0,9642.76,36114.74,327754.93,475278.61,0.0,0.0
202405,5204193.37,2103326.01,69023.19,3482037.72,0.0,0.0,10467.85,40133.55,349180.92,506302.82,0.0,0.0
202404,4900457.64,2062609.18,70647.2,3652606.92,0.0,0.0,11179.22,43295.4,361633.28,524619.69,0.0,0.0
202403,4880450.84,1920981.78,67565.09,3333054.72,0.0,0.0,10122.46,36644.55,336435.46,469047.59,0.0,0.0
202402,4344916.74,1703935.27,65805.91,2981226.89,60.01,109.32,10373.38,37076.26,332269.47,463066.01,61.89,34.21
202401,4350076.79,1804382.83,70343.33,3337346.6,387.18,815.94,11919.12,41615.89,363550.32,516702.44,600.76,616.58
202312,4783759.11,1919836.0,80202.34,3629759.48,1152.37,2498.31,11241.91,39208.22,337552.05,484391.91,1412.03,1399.42
202311,4211458.47,1727397.13,74398.41,3135995.22,754.56,1711.45,11866.27,40735.16,345234.36,490503.75,1506.38,1521.77
202310,4050452.35,1652921.87,71870.56,3325168.55,664.92,1578.12,12902.42,46646.9,362721.59,512336.66,1746.38,1763.79
202309,3830813.55,1527905.08,69407.83,3190050.37,483.31,1085.19,11916.38,41653.43,340115.13,471176.87,2636.88,2532.14
202308,3753059.35,1518932.78,76572.62,3406865.07,614.09,1481.22,13113.98,46973.84,360865.3,501254.74,5253.95,3197.77
202307,3533075.01,1422691.71,71737.39,3363338.77,667.68,1589.98,12782.7,43634.75,353354.67,479276.62,4722.99,4401.98
202306,3296854.65,1365761.97,73637.42,3658988.54,710.66,1683.4,12898.39,44354.61,348653.58,475375.14,3810.8,4006.27
202305,3189216.59,1343030.1,76551.74,3772412.45,620.33,1492.52,14171.91,50982.54,366029.09,509111.41,4139.19,4971.97
202304,2910507.63,1191585.15,69286.78,3234549.45,661.7,1594.82,12188.2,43399.52,326293.01,443418.56,2378.17,2279.99
202303,3001955.59,1280323.99,80528.87,3635596.89,680.54,1584.04,13763.41,55997.48,362664.11,487777.17,2595.33,2565.47
202302,2539124.04,1055639.04,70232.83,2889422.93,645.05,1512.53,12393.22,50947.11,325643.69,427177.9,2436.12,2367.58
202301,2575313.68,1111232.54,77982.34,3394583.49,632.37,1438.59,14091.41,46687.43,357005.85,479459.52,2499.45,2534.06
202212,2872229.03,1221189.67,91361.54,3810324.55,1272.38,2757.91,14246.95,47529.19,349044.0,478219.38,3211.72,3117.79
202211,2498449.43,1075310.97,83094.38,3323697.77,602.37,1316.4,14501.4,48575.49,349118.91,473580.19,3248.99,3187.94
202210,2436486.47,1046413.03,79833.93,3248099.31,657.19,1535.22,14985.6,49550.28,353610.13,477418.67,3411.03,3278.9
202209,2287655.11,1019526.37,85504.31,3471556.34,483.81,1073.51,15454.12,52438.11,350208.81,475684.01,4247.83,4047.07
202208,2180316.37,983789.49,88850.51,3587442.45,440.6,973.35,16827.09,57856.85,373212.23,505529.0,6694.35,6367.15
202607,7975139.94,3800592.19,68602.77,4058803.01,0.0,0.0,6607.51,30011.4,341104.26,577982.13,0.0,0.0
202606,7699815.65,3599270.78,64041.78,4235160.17,0.0,0.0,6693.47,30773.59,340587.57,577082.91,0.0,0.0
202605,7854699.48,3478034.84,65540.9,3828232.89,0.0,0.0,6299.28,28997.49,321873.66,541107.26,0.0,0.0
202604,7370602.06,3421732.27,65272.11,4064285.57,0.0,0.0,6667.11,32464.83,326984.42,552159.56,0.0,0.0
202603,7442903.15,3533664.12,69211.12,4196796.01,0.0,0.0,7367.69,32865.28,346881.81,572564.03,0.0,0.0
202602,6606114.79,2996838.9,63710.34,3342672.09,0.0,0.0,6264.06,26618.21,307053.39,487957.93,0.0,0.0
202601,7021997.69,3170990.34,59302.67,3819653.6,0.0,0.0,7053.84,30801.1,315999.89,511645.82,0.0,0.0
202512,7858999.2,3771628.4,77612.7,4632904.84,0.0,0.0,7934.51,33738.32,360617.75,603920.36,0.0,0.0
202511,7161424.75,3122098.39,61980.91,3565384.27,0.0,0.0,7021.35,29207.65,317968.79,513158.5,0.0,0.0
202510,7262044.71,3315978.67,69508.97,3935395.1,0.0,0.0,8133.43,34584.96,347805.9,570061.34,0.0,0.0
202509,6843677.25,3178872.86,67787.76,3935730.15,0.0,0.0,8401.46,36257.82,349079.13,569213.66,0.0,0.0
202508,6965545.33,3033563.78,64506.6,3700999.64,0.0,0.0,7764.15,34009.59,328959.8,522435.28,0.0,0.0
202507,6671770.9,3055518.75,67192.89,3915166.65,0.0,0.0,8507.87,35797.81,353819.55,564569.38,0.0,0.0
202506,6453692.04,2865951.56,61192.05,3728009.92,0.0,0.0,8217.12,34182.86,338127.37,523439.24,0.0,0.0
202505,6632765.22,2818937.95,64178.98,3799492.18,0.0,0.0,8406.19,35833.8,340006.42,532979.61,0.0,0.0
202504,6267333.46,2673358.43,58891.0,3798026.1,0.0,0.0,8454.24,36327.15,341624.79,539022.34,0.0,0.0
202503,6238231.6,2566965.2,61294.83,3683199.49,0.0,0.0,8808.83,35645.95,340788.0,516117.79,0.0,0.0
202502,5598509.94,2429262.08,61949.09,3378764.97,0.0,0.0,8350.17,33019.98,324481.7,488180.37,0.0,0.0
202501,5673012.47,2469941.67,62232.13,3705721.69,0.0,0.0,9199.15,36429.91,338952.59,519244.8,0.0,0.0
202412,6429873.76,2778266.67,75539.52,4248330.27,0.0,0.0,9616.44,37774.51,361042.81,566693.06,0.0,0.0
202411,5794534.99,2456993.87,68004.61,3526411.66,0.0,0.0,9018.91,34430.29,332501.15,512370.3,0.0,0.0
202410,5712448.02,2476793.69,68590.55,3885790.21,0.0,0.0,10202.17,39646.01,362192.91,563986.63,0.0,0.0
202409,5515140.08,2313327.22,66156.06,3730246.74,0.0,0.0,9978.94,39601.85,344698.46,520250.19,0.0,0.0
202408,5639358.01,2326231.16,67581.13,3621022.67,0.0,0.0,10009.39,39142.87,343924.99,519248.33,0.0,0.0
202407,5392806.29,2338132.97,69657.23,3828950.29,0.0,0.0,10942.8,41504.78,366484.15,546660.21,0.0,0.0
202406,5252176.9,2118312.04,64970.94,3544187.49,0.0,0.0,9642.76,36114.74,327754.93,475278.61,0.0,0.0
202405,5204193.37,2103326.01,69023.19,3482037.72,0.0,0.0,10467.85,40133.55,349180.92,506302.82,0.0,0.0
202404,4900457.64,2062609.18,70647.2,3652606.92,0.0,0.0,11179.22,43295.4,361633.28,524619.69,0.0,0.0
202403,4880450.84,1920981.78,67565.09,3333054.72,0.0,0.0,10122.46,36644.55,336435.46,469047.59,0.0,0.0
202402,4344916.74,1703935.27,65805.91,2981226.89,60.01,109.32,10373.38,37076.26,332269.47,463066.01,61.89,34.21
202401,4350076.79,1804382.83,70343.33,3337346.6,387.18,815.94,11919.12,41615.89,363550.32,516702.44,600.76,616.58
202312,4783759.11,1919836.0,80202.34,3629759.48,1152.37,2498.31,11241.91,39208.22,337552.05,484391.91,1412.03,1399.42
202311,4211458.47,1727397.13,74398.41,3135995.22,754.56,1711.45,11866.27,40735.16,345234.36,490503.75,1506.38,1521.77
202310,4050452.35,1652921.87,71870.56,3325168.55,664.92,1578.12,12902.42,46646.9,362721.59,512336.66,1746.38,1763.79
202309,3830813.55,1527905.08,69407.83,3190050.37,483.31,1085.19,11916.38,41653.43,340115.13,471176.87,2636.88,2532.14
202308,3753059.35,1518932.78,76572.62,3406865.07,614.09,1481.22,13113.98,46973.84,360865.3,501254.74,5253.95,3197.77
202307,3533075.01,1422691.71,71737.39,3363338.77,667.68,1589.98,12782.7,43634.75,353354.67,479276.62,4722.99,4401.98
202306,3296854.65,1365761.97,73637.42,3658988.54,710.66,1683.4,12898.39,44354.61,348653.58,475375.14,3810.8,4006.27
202305,3189216.59,1343030.1,76551.74,3772412.45,620.33,1492.52,14171.91,50982.54,366029.09,509111.41,4139.19,4971.97
202304,2910507.63,1191585.15,69286.78,3234549.45,661.7,1594.82,12188.2,43399.52,326293.01,443418.56,2378.17,2279.99
202303,3001955.59,1280323.99,80528.87,3635596.89,680.54,1584.04,13763.41,55997.48,362664.11,487777.17,2595.33,2565.47
202302,2539124.04,1055639.04,70232.83,2889422.93,645.05,1512.53,12393.22,50947.11,325643.69,427177.9,2436.12,2367.58
202301,2575313.68,1111232.54,77982.34,3394583.49,632.37,1438.59,14091.41,46687.43,357005.85,479459.52,2499.45,2534.06
202212,2872229.03,1221189.67,91361.54,3810324.55,1272.38,2757.91,14246.95,47529.19,349044.0,478219.38,3211.72,3117.79
202211,2498449.43,1075310.97,83094.38,3323697.77,602.37,1316.4,14501.4,48575.49,349118.91,473580.19,3248.99,3187.94
202210,2436486.47,1046413.03,79833.93,3248099.31,657.19,1535.22,14985.6,49550.28,353610.13,477418.67,3411.03,3278.9
202209,2287655.11,1019526.37,85504.31,3471556.34,483.81,1073.51,15454.12,52438.11,350208.81,475684.01,4247.83,4047.07
202607,7975139.94,3800592.19,68602.77,4058803.01,0.0,0.0,6607.51,30011.4,341104.26,577982.13,0.0,0.0
202606,7699815.65,3599270.78,64041.78,4235160.17,0.0,0.0,6693.47,30773.59,340587.57,577082.91,0.0,0.0
202605,7854699.48,3478034.84,65540.9,3828232.89,0.0,0.0,6299.28,28997.49,321873.66,541107.26,0.0,0.0
202604,7370602.06,3421732.27,65272.11,4064285.57,0.0,0.0,6667.11,32464.83,326984.42,552159.56,0.0,0.0
202603,7442903.15,3533664.12,69211.12,4196796.01,0.0,0.0,7367.69,32865.28,346881.81,572564.03,0.0,0.0
202602,6606114.79,2996838.9,63710.34,3342672.09,0.0,0.0,6264.06,26618.21,307053.39,487957.93,0.0,0.0
202601,7021997.69,3170990.34,59302.67,3819653.6,0.0,0.0,7053.84,30801.1,315999.89,511645.82,0.0,0.0
202512,7858999.2,3771628.4,77612.7,4632904.84,0.0,0.0,7934.51,33738.32,360617.75,603920.36,0.0,0.0
202511,7161424.75,3122098.39,61980.91,3565384.27,0.0,0.0,7021.35,29207.65,317968.79,513158.5,0.0,0.0
202510,7262044.71,3315978.67,69508.97,3935395.1,0.0,0.0,8133.43,34584.96,347805.9,570061.34,0.0,0.0
202509,6843677.25,3178872.86,67787.76,3935730.15,0.0,0.0,8401.46,36257.82,349079.13,569213.66,0.0,0.0
202508,6965545.33,3033563.78,64506.6,3700999.64,0.0,0.0,7764.15,34009.59,328959.8,522435.28,0.0,0.0
202507,6671770.9,3055518.75,67192.89,3915166.65,0.0,0.0,8507.87,35797.81,353819.55,564569.38,0.0,0.0
202506,6453692.04,2865951.56,61192.05,3728009.92,0.0,0.0,8217.12,34182.86,338127.37,523439.24,0.0,0.0
202505,6632765.22,2818937.95,64178.98,3799492.18,0.0,0.0,8406.19,35833.8,340006.42,532979.61,0.0,0.0
202504,6267333.46,2673358.43,58891.0,3798026.1,0.0,0.0,8454.24,36327.15,341624.79,539022.34,0.0,0.0
202503,6238231.6,2566965.2,61294.83,3683199.49,0.0,0.0,8808.83,35645.95,340788.0,516117.79,0.0,0.0
202502,5598509.94,2429262.08,61949.09,3378764.97,0.0,0.0,8350.17,33019.98,324481.7,488180.37,0.0,0.0
202501,5673012.47,2469941.67,62232.13,3705721.69,0.0,0.0,9199.15,36429.91,338952.59,519244.8,0.0,0.0
202412,6429873.76,2778266.67,75539.52,4248330.27,0.0,0.0,9616.44,37774.51,361042.81,566693.06,0.0,0.0
202411,5794534.99,2456993.87,68004.61,3526411.66,0.0,0.0,9018.91,34430.29,332501.15,512370.3,0.0,0.0
202410,5712448.02,2476793.69,68590.55,3885790.21,0.0,0.0,10202.17,39646.01,362192.91,563986.63,0.0,0.0
202409,5515140.08,2313327.22,66156.06,3730246.74,0.0,0.0,9978.94,39601.85,344698.46,520250.19,0.0,0.0
202408,5639358.01,2326231.16,67581.13,3621022.67,0.0,0.0,10009.39,39142.87,343924.99,519248.33,0.0,0.0
202407,5392806.29,2338132.97,69657.23,3828950.29,0.0,0.0,10942.8,41504.78,366484.15,546660.21,0.0,0.0
202406,5252176.9,2118312.04,64970.94,3544187.49,0.0,0.0,9642.76,36114.74,327754.93,475278.61,0.0,0.0
202405,5204193.37,2103326.01,69023.19,3482037.72,0.0,0.0,10467.85,40133.55,349180.92,506302.82,0.0,0.0
202404,4900457.64,2062609.18,70647.2,3652606.92,0.0,0.0,11179.22,43295.4,361633.28,524619.69,0.0,0.0
202403,4880450.84,1920981.78,67565.09,3333054.72,0.0,0.0,10122.46,36644.55,336435.46,469047.59,0.0,0.0
202402,4344916.74,1703935.27,65805.91,2981226.89,60.01,109.32,10373.38,37076.26,332269.47,463066.01,61.89,34.21
202401,4350076.79,1804382.83,70343.33,3337346.6,387.18,815.94,11919.12,41615.89,363550.32,516702.44,600.76,616.58
202312,4783759.11,1919836.0,80202.34,3629759.48,1152.37,2498.31,11241.91,39208.22,337552.05,484391.91,1412.03,1399.42
202311,4211458.47,1727397.13,74398.41,3135995.22,754.56,1711.45,11866.27,40735.16,345234.36,490503.75,1506.38,1521.77
202310,4050452.35,1652921.87,71870.56,3325168.55,664.92,1578.12,12902.42,46646.9,362721.59,512336.66,1746.38,1763.79
202309,3830813.55,1527905.08,69407.83,3190050.37,483.31,1085.19,11916.38,41653.43,340115.13,471176.87,2636.88,2532.14
202308,3753059.35,1518932.78,76572.62,3406865.07,614.09,1481.22,13113.98,46973.84,360865.3,501254.74,5253.95,3197.77
202307,3533075.01,1422691.71,71737.39,3363338.77,667.68,1589.98,12782.7,43634.75,353354.67,479276.62,4722.99,4401.98
202306,3296854.65,1365761.97,73637.42,3658988.54,710.66,1683.4,12898.39,44354.61,348653.58,475375.14,3810.8,4006.27
202305,3189216.59,1343030.1,76551.74,3772412.45,620.33,1492.52,14171.91,50982.54,366029.09,509111.41,4139.19,4971.97
202304,2910507.63,1191585.15,69286.78,3234549.45,661.7,1594.82,12188.2,43399.52,326293.01,443418.56,2378.17,2279.99
202303,3001955.59,1280323.99,80528.87,3635596.89,680.54,1584.04,13763.41,55997.48,362664.11,487777.17,2595.33,2565.47
202302,2539124.04,1055639.04,70232.83,2889422.93,645.05,1512.53,12393.22,50947.11,325643.69,427177.9,2436.12,2367.58
202301,2575313.68,1111232.54,77982.34,3394583.49,632.37,1438.59,14091.41,46687.43,357005.85,479459.52,2499.45,2534.06
202212,2872229.03,1221189.67,91361.54,3810324.55,1272.38,2757.91,14246.95,47529.19,349044.0,478219.38,3211.72,3117.79
202211,2498449.43,1075310.97,83094.38,3323697.77,602.37,1316.4,14501.4,48575.49,349118.91,473580.19,3248.99,3187.94
202210,2436486.47,1046413.03,79833.93,3248099.31,657.19,1535.22,14985.6,49550.28,353610.13,477418.67,3411.03,3278.9
202607,7975139.94,3800592.19,68602.77,4058803.01,0.0,0.0,6607.51,30011.4,341104.26,577982.13,0.0,0.0
202606,7699815.65,3599270.78,64041.78,4235160.17,0.0,0.0,6693.47,30773.59,340587.57,577082.91,0.0,0.0
202605,7854699.48,3478034.84,65540.9,3828232.89,0.0,0.0,6299.28,28997.49,321873.66,541107.26,0.0,0.0
202604,7370602.06,3421732.27,65272.11,4064285.57,0.0,0.0,6667.11,32464.83,326984.42,552159.56,0.0,0.0
202603,7442903.15,3533664.12,69211.12,4196796.01,0.0,0.0,7367.69,32865.28,346881.81,572564.03,0.0,0.0
202602,6606114.79,2996838.9,63710.34,3342672.09,0.0,0.0,6264.06,26618.21,307053.39,487957.93,0.0,0.0
202601,7021997.69,3170990.34,59302.67,3819653.6,0.0,0.0,7053.84,30801.1,315999.89,511645.82,0.0,0.0
202512,7858999.2,3771628.4,77612.7,4632904.84,0.0,0.0,7934.51,33738.32,360617.75,603920.36,0.0,0.0
202511,7161424.75,3122098.39,61980.91,3565384.27,0.0,0.0,7021.35,29207.65,317968.79,513158.5,0.0,0.0
202510,7262044.71,3315978.67,69508.97,3935395.1,0.0,0.0,8133.43,34584.96,347805.9,570061.34,0.0,0.0
202509,6843677.25,3178872.86,67787.76,3935730.15,0.0,0.0,8401.46,36257.82,349079.13,569213.66,0.0,0.0
202508,6965545.33,3033563.78,64506.6,3700999.64,0.0,0.0,7764.15,34009.59,328959.8,522435.28,0.0,0.0
202507,6671770.9,3055518.75,67192.89,3915166.65,0.0,0.0,8507.87,35797.81,353819.55,564569.38,0.0,0.0
202506,6453692.04,2865951.56,61192.05,3728009.92,0.0,0.0,8217.12,34182.86,338127.37,523439.24,0.0,0.0
202505,6632765.22,2818937.95,64178.98,3799492.18,0.0,0.0,8406.19,35833.8,340006.42,532979.61,0.0,0.0
202504,6267333.46,2673358.43,58891.0,3798026.1,0.0,0.0,8454.24,36327.15,341624.79,539022.34,0.0,0.0
202503,6238231.6,2566965.2,61294.83,3683199.49,0.0,0.0,8808.83,35645.95,340788.0,516117.79,0.0,0.0
202502,5598509.94,2429262.08,61949.09,3378764.97,0.0,0.0,8350.17,33019.98,324481.7,488180.37,0.0,0.0
202501,5673012.47,2469941.67,62232.13,3705721.69,0.0,0.0,9199.15,36429.91,338952.59,519244.8,0.0,0.0
202412,6429873.76,2778266.67,75539.52,4248330.27,0.0,0.0,9616.44,37774.51,361042.81,566693.06,0.0,0.0
202411,5794534.99,2456993.87,68004.61,3526411.66,0.0,0.0,9018.91,34430.29,332501.15,512370.3,0.0,0.0
202410,5712448.02,2476793.69,68590.55,3885790.21,0.0,0.0,10202.17,39646.01,362192.91,563986.63,0.0,0.0
202409,5515140.08,2313327.22,66156.06,3730246.74,0.0,0.0,9978.94,39601.85,344698.46,520250.19,0.0,0.0
202408,5639358.01,2326231.16,67581.13,3621022.67,0.0,0.0,10009.39,39142.87,343924.99,519248.33,0.0,0.0
202407,5392806.29,2338132.97,69657.23,3828950.29,0.0,0.0,10942.8,41504.78,366484.15,546660.21,0.0,0.0
202406,5252176.9,2118312.04,64970.94,3544187.49,0.0,0.0,9642.76,36114.74,327754.93,475278.61,0.0,0.0
202405,5204193.37,2103326.01,69023.19,3482037.72,0.0,0.0,10467.85,40133.55,349180.92,506302.82,0.0,0.0
202404,4900457.64,2062609.18,70647.2,3652606.92,0.0,0.0,11179.22,43295.4,361633.28,524619.69,0.0,0.0
202403,4880450.84,1920981.78,67565.09,3333054.72,0.0,0.0,10122.46,36644.55,336435.46,469047.59,0.0,0.0
202402,4344916.74,1703935.27,65805.91,2981226.89,60.01,109.32,10373.38,37076.26,332269.47,463066.01,61.89,34.21
202401,4350076.79,1804382.83,70343.33,3337346.6,387.18,815.94,11919.12,41615.89,363550.32,516702.44,600.76,616.58
202312,4783759.11,1919836.0,80202.34,3629759.48,1152.37,2498.31,11241.91,39208.22,337552.05,484391.91,1412.03,1399.42
202311,4211458.47,1727397.13,74398.41,3135995.22,754.56,1711.45,11866.27,40735.16,345234.36,490503.75,1506.38,1521.77
202310,4050452.35,1652921.87,71870.56,3325168.55,664.92,1578.12,12902.42,46646.9,362721.59,512336.66,1746.38,1763.79
202309,3830813.55,1527905.08,69407.83,3190050.37,483.31,1085.19,11916.38,41653.43,340115.13,471176.87,2636.88,2532.14
202308,3753059.35,1518932.78,76572.62,3406865.07,614.09,1481.22,13113.98,46973.84,360865.3,501254.74,5253.95,3197.77
202307,3533075.01,1422691.71,71737.39,3363338.77,667.68,1589.98,12782.7,43634.75,353354.67,479276.62,4722.99,4401.98
202306,3296854.65,1365761.97,73637.42,3658988.54,710.66,1683.4,12898.39,44354.61,348653.58,475375.14,3810.8,4006.27
202305,3189216.59,1343030.1,76551.74,3772412.45,620.33,1492.52,14171.91,50982.54,366029.09,509111.41,4139.19,4971.97
202304,2910507.63,1191585.15,69286.78,3234549.45,661.7,1594.82,12188.2,43399.52,326293.01,443418.56,2378.17,2279.99
202303,3001955.59,1280323.99,80528.87,3635596.89,680.54,1584.04,13763.41,55997.48,362664.11,487777.17,2595.33,2565.47
202302,2539124.04,1055639.04,70232.83,2889422.93,645.05,1512.53,12393.22,50947.11,325643.69,427177.9,2436.12,2367.58
202301,2575313.68,1111232.54,77982.34,3394583.49,632.37,1438.59,14091.41,46687.43,357005.85,479459.52,2499.45,2534.06
202212,2872229.03,1221189.67,91361.54,3810324.55,1272.38,2757.91,14246.95,47529.19,349044.0,478219.38,3211.72,3117.79
202211,2498449.43,1075310.97,83094.38,3323697.77,602.37,1316.4,14501.4,48575.49,349118.91,473580.19,3248.99,3187.94
202607,7975139.94,3800592.19,68602.77,4058803.01,0.0,0.0,6607.51,30011.4,341104.26,577982.13,0.0,0.0
202606,7699815.65,3599270.78,64041.78,4235160.17,0.0,0.0,6693.47,30773.59,340587.57,577082.91,0.0,0.0
202605,7854699.48,3478034.84,65540.9,3828232.89,0.0,0.0,6299.28,28997.49,321873.66,541107.26,0.0,0.0
202604,7370602.06,3421732.27,65272.11,4064285.57,0.0,0.0,6667.11,32464.83,326984.42,552159.56,0.0,0.0
202603,7442903.15,3533664.12,69211.12,4196796.01,0.0,0.0,7367.69,32865.28,346881.81,572564.03,0.0,0.0
202602,6606114.79,2996838.9,63710.34,3342672.09,0.0,0.0,6264.06,26618.21,307053.39,487957.93,0.0,0.0
202601,7021997.69,3170990.34,59302.67,3819653.6,0.0,0.0,7053.84,30801.1,315999.89,511645.82,0.0,0.0
202512,7858999.2,3771628.4,77612.7,4632904.84,0.0,0.0,7934.51,33738.32,360617.75,603920.36,0.0,0.0
202511,7161424.75,3122098.39,61980.91,3565384.27,0.0,0.0,7021.35,29207.65,317968.79,513158.5,0.0,0.0
202510,7262044.71,3315978.67,69508.97,3935395.1,0.0,0.0,8133.43,34584.96,347805.9,570061.34,0.0,0.0
202509,6843677.25,3178872.86,67787.76,3935730.15,0.0,0.0,8401.46,36257.82,349079.13,569213.66,0.0,0.0
202508,6965545.33,3033563.78,64506.6,3700999.64,0.0,0.0,7764.15,34009.59,328959.8,522435.28,0.0,0.0
202507,6671770.9,3055518.75,67192.89,3915166.65,0.0,0.0,8507.87,35797.81,353819.55,564569.38,0.0,0.0
202506,6453692.04,2865951.56,61192.05,3728009.92,0.0,0.0,8217.12,34182.86,338127.37,523439.24,0.0,0.0
202505,6632765.22,2818937.95,64178.98,3799492.18,0.0,0.0,8406.19,35833.8,340006.42,532979.61,0.0,0.0
202504,6267333.46,2673358.43,58891.0,3798026.1,0.0,0.0,8454.24,36327.15,341624.79,539022.34,0.0,0.0
202503,6238231.6,2566965.2,61294.83,3683199.49,0.0,0.0,8808.83,35645.95,340788.0,516117.79,0.0,0.0
202502,5598509.94,2429262.08,61949.09,3378764.97,0.0,0.0,8350.17,33019.98,324481.7,488180.37,0.0,0.0
202501,5673012.47,2469941.67,62232.13,3705721.69,0.0,0.0,9199.15,36429.91,338952.59,519244.8,0.0,0.0
202412,6429873.76,2778266.67,75539.52,4248330.27,0.0,0.0,9616.44,37774.51,361042.81,566693.06,0.0,0.0
202411,5794534.99,2456993.87,68004.61,3526411.66,0.0,0.0,9018.91,34430.29,332501.15,512370.3,0.0,0.0
202410,5712448.02,2476793.69,68590.55,3885790.21,0.0,0.0,10202.17,39646.01,362192.91,563986.63,0.0,0.0
202409,5515140.08,2313327.22,66156.06,3730246.74,0.0,0.0,9978.94,39601.85,344698.46,520250.19,0.0,0.0
202408,5639358.01,2326231.16,67581.13,3621022.67,0.0,0.0,10009.39,39142.87,343924.99,519248.33,0.0,0.0
202407,5392806.29,2338132.97,69657.23,3828950.29,0.0,0.0,10942.8,41504.78,366484.15,546660.21,0.0,0.0
202406,5252176.9,2118312.04,64970.94,3544187.49,0.0,0.0,9642.76,36114.74,327754.93,475278.61,0.0,0.0
202405,5204193.37,2103326.01,69023.19,3482037.72,0.0,0.0,10467.85,40133.55,349180.92,506302.82,0.0,0.0
202404,4900457.64,2062609.18,70647.2,3652606.92,0.0,0.0,11179.22,43295.4,361633.28,524619.69,0.0,0.0
202403,4880450.84,1920981.78,67565.09,3333054.72,0.0,0.0,10122.46,36644.55,336435.46,469047.59,0.0,0.0
202402,4344916.74,1703935.27,65805.91,2981226.89,60.01,109.32,10373.38,37076.26,332269.47,463066.01,61.89,34.21
202401,4350076.79,1804382.83,70343.33,3337346.6,387.18,815.94,11919.12,41615.89,363550.32,516702.44,600.76,616.58
202312,4783759.11,1919836.0,80202.34,3629759.48,1152.37,2498.31,11241.91,39208.22,337552.05,484391.91,1412.03,1399.42
202311,4211458.47,1727397.13,74398.41,3135995.22,754.56,1711.45,11866.27,40735.16,345234.36,490503.75,1506.38,1521.77
202310,4050452.35,1652921.87,71870.56,3325168.55,664.92,1578.12,12902.42,46646.9,362721.59,512336.66,1746.38,1763.79
202309,3830813.55,1527905.08,69407.83,3190050.37,483.31,1085.19,11916.38,41653.43,340115.13,471176.87,2636.88,2532.14
202308,3753059.35,1518932.78,76572.62,3406865.07,614.09,1481.22,13113.98,46973.84,360865.3,501254.74,5253.95,3197.77
202307,3533075.01,1422691.71,71737.39,3363338.77,667.68,1589.98,12782.7,43634.75,353354.67,479276.62,4722.99,4401.98
202306,3296854.65,1365761.97,73637.42,3658988.54,710.66,1683.4,12898.39,44354.61,348653.58,475375.14,3810.8,4006.27
202305,3189216.59,1343030.1,76551.74,3772412.45,620.33,1492.52,14171.91,50982.54,366029.09,509111.41,4139.19,4971.97
202304,2910507.63,1191585.15,69286.78,3234549.45,661.7,1594.82,12188.2,43399.52,326293.01,443418.56,2378.17,2279.99
202303,3001955.59,1280323.99,80528.87,3635596.89,680.54,1584.04,13763.41,55997.48,362664.11,487777.17,2595.33,2565.47
202302,2539124.04,1055639.04,70232.83,2889422.93,645.05,1512.53,12393.22,50947.11,325643.69,427177.9,2436.12,2367.58
202301,2575313.68,1111232.54,77982.34,3394583.49,632.37,1438.59,14091.41,46687.43,357005.85,479459.52,2499.45,2534.06
202212,2872229.03,1221189.67,91361.54,3810324.55,1272.38,2757.91,14246.95,47529.19,349044.0,478219.38,3211.72,3117.79
202607,7975139.94,3800592.19,68602.77,4058803.01,0.0,0.0,6607.51,30011.4,341104.26,577982.13,0.0,0.0
202606,7699815.65,3599270.78,64041.78,4235160.17,0.0,0.0,6693.47,30773.59,340587.57,577082.91,0.0,0.0
202605,7854699.48,3478034.84,65540.9,3828232.89,0.0,0.0,6299.28,28997.49,321873.66,541107.26,0.0,0.0
202604,7370602.06,3421732.27,65272.11,4064285.57,0.0,0.0,6667.11,32464.83,326984.42,552159.56,0.0,0.0
202603,7442903.15,3533664.12,69211.12,4196796.01,0.0,0.0,7367.69,32865.28,346881.81,572564.03,0.0,0.0
202602,6606114.79,2996838.9,63710.34,3342672.09,0.0,0.0,6264.06,26618.21,307053.39,487957.93,0.0,0.0
202601,7021997.69,3170990.34,59302.67,3819653.6,0.0,0.0,7053.84,30801.1,315999.89,511645.82,0.0,0.0
202512,7858999.2,3771628.4,77612.7,4632904.84,0.0,0.0,7934.51,33738.32,360617.75,603920.36,0.0,0.0
202511,7161424.75,3122098.39,61980.91,3565384.27,0.0,0.0,7021.35,29207.65,317968.79,513158.5,0.0,0.0
202510,7262044.71,3315978.67,69508.97,3935395.1,0.0,0.0,8133.43,34584.96,347805.9,570061.34,0.0,0.0
202509,6843677.25,3178872.86,67787.76,3935730.15,0.0,0.0,8401.46,36257.82,349079.13,569213.66,0.0,0.0
202508,6965545.33,3033563.78,64506.6,3700999.64,0.0,0.0,7764.15,34009.59,328959.8,522435.28,0.0,0.0
202507,6671770.9,3055518.75,67192.89,3915166.65,0.0,0.0,8507.87,35797.81,353819.55,564569.38,0.0,0.0
202506,6453692.04,2865951.56,61192.05,3728009.92,0.0,0.0,8217.12,34182.86,338127.37,523439.24,0.0,0.0
202505,6632765.22,2818937.95,64178.98,3799492.18,0.0,0.0,8406.19,35833.8,340006.42,532979.61,0.0,0.0
202504,6267333.46,2673358.43,58891.0,3798026.1,0.0,0.0,8454.24,36327.15,341624.79,539022.34,0.0,0.0
202503,6238231.6,2566965.2,61294.83,3683199.49,0.0,0.0,8808.83,35645.95,340788.0,516117.79,0.0,0.0
202502,5598509.94,2429262.08,61949.09,3378764.97,0.0,0.0,8350.17,33019.98,324481.7,488180.37,0.0,0.0
202501,5673012.47,2469941.67,62232.13,3705721.69,0.0,0.0,9199.15,36429.91,338952.59,519244.8,0.0,0.0
202412,6429873.76,2778266.67,75539.52,4248330.27,0.0,0.0,9616.44,37774.51,361042.81,566693.06,0.0,0.0
202411,5794534.99,2456993.87,68004.61,3526411.66,0.0,0.0,9018.91,34430.29,332501.15,512370.3,0.0,0.0
202410,5712448.02,2476793.69,68590.55,3885790.21,0.0,0.0,10202.17,39646.01,362192.91,563986.63,0.0,0.0
202409,5515140.08,2313327.22,66156.06,3730246.74,0.0,0.0,9978.94,39601.85,344698.46,520250.19,0.0,0.0
202408,5639358.01,2326231.16,67581.13,3621022.67,0.0,0.0,10009.39,39142.87,343924.99,519248.33,0.0,0.0
202407,5392806.29,2338132.97,69657.23,3828950.29,0.0,0.0,10942.8,41504.78,366484.15,546660.21,0.0,0.0
202406,5252176.9,2118312.04,64970.94,3544187.49,0.0,0.0,9642.76,36114.74,327754.93,475278.61,0.0,0.0
202405,5204193.37,2103326.01,69023.19,3482037.72,0.0,0.0,10467.85,40133.55,349180.92,506302.82,0.0,0.0
202404,4900457.64,2062609.18,70647.2,3652606.92,0.0,0.0,11179.22,43295.4,361633.28,524619.69,0.0,0.0
202403,4880450.84,1920981.78,67565.09,3333054.72,0.0,0.0,10122.46,36644.55,336435.46,469047.59,0.0,0.0
202402,4344916.74,1703935.27,65805.91,2981226.89,60.01,109.32,10373.38,37076.26,332269.47,463066.01,61.89,34.21
202401,4350076.79,1804382.83,70343.33,3337346.6,387.18,815.94,11919.12,41615.89,363550.32,516702.44,600.76,616.58
202312,4783759.11,1919836.0,80202.34,3629759.48,1152.37,2498.31,11241.91,39208.22,337552.05,484391.91,1412.03,1399.42
202311,4211458.47,1727397.13,74398.41,3135995.22,754.56,1711.45,11866.27,40735.16,345234.36,490503.75,1506.38,1521.77
202310,4050452.35,1652921.87,71870.56,3325168.55,664.92,1578.12,12902.42,46646.9,362721.59,512336.66,1746.38,1763.79
202309,3830813.55,1527905.08,69407.83,3190050.37,483.31,1085.19,11916.38,41653.43,340115.13,471176.87,2636.88,2532.14
202308,3753059.35,1518932.78,76572.62,3406865.07,614.09,1481.22,13113.98,46973.84,360865.3,501254.74,5253.95,3197.77
202307,3533075.01,1422691.71,71737.39,3363338.77,667.68,1589.98,12782.7,43634.75,353354.67,479276.62,4722.99,4401.98
202306,3296854.65,1365761.97,73637.42,3658988.54,710.66,1683.4,12898.39,44354.61,348653.58,475375.14,3810.8,4006.27
202305,3189216.59,1343030.1,76551.74,3772412.45,620.33,1492.52,14171.91,50982.54,366029.09,509111.41,4139.19,4971.97
202304,2910507.63,1191585.15,69286.78,3234549.45,661.7,1594.82,12188.2,43399.52,326293.01,443418.56,2378.17,2279.99
202303,3001955.59,1280323.99,80528.87,3635596.89,680.54,1584.04,13763.41,55997.48,362664.11,487777.17,2595.33,2565.47
202302,2539124.04,1055639.04,70232.83,2889422.93,645.05,1512.53,12393.22,50947.11,325643.69,427177.9,2436.12,2367.58
202301,2575313.68,1111232.54,77982.34,3394583.49,632.37,1438.59,14091.41,46687.43,357005.85,479459.52,2499.45,2534.06
202607,7975139.94,3800592.19,68602.77,4058803.01,0.0,0.0,6607.51,30011.4,341104.26,577982.13,0.0,0.0
202606,7699815.65,3599270.78,64041.78,4235160.17,0.0,0.0,6693.47,30773.59,340587.57,577082.91,0.0,0.0
202605,7854699.48,3478034.84,65540.9,3828232.89,0.0,0.0,6299.28,28997.49,321873.66,541107.26,0.0,0.0
202604,7370602.06,3421732.27,65272.11,4064285.57,0.0,0.0,6667.11,32464.83,326984.42,552159.56,0.0,0.0
202603,7442903.15,3533664.12,69211.12,4196796.01,0.0,0.0,7367.69,32865.28,346881.81,572564.03,0.0,0.0
202602,6606114.79,2996838.9,63710.34,3342672.09,0.0,0.0,6264.06,26618.21,307053.39,487957.93,0.0,0.0
202601,7021997.69,3170990.34,59302.67,3819653.6,0.0,0.0,7053.84,30801.1,315999.89,511645.82,0.0,0.0
202512,7858999.2,3771628.4,77612.7,4632904.84,0.0,0.0,7934.51,33738.32,360617.75,603920.36,0.0,0.0
202511,7161424.75,3122098.39,61980.91,3565384.27,0.0,0.0,7021.35,29207.65,317968.79,513158.5,0.0,0.0
202510,7262044.71,3315978.67,69508.97,3935395.1,0.0,0.0,8133.43,34584.96,347805.9,570061.34,0.0,0.0
202509,6843677.25,3178872.86,67787.76,3935730.15,0.0,0.0,8401.46,36257.82,349079.13,569213.66,0.0,0.0
202508,6965545.33,3033563.78,64506.6,3700999.64,0.0,0.0,7764.15,34009.59,328959.8,522435.28,0.0,0.0
202507,6671770.9,3055518.75,67192.89,3915166.65,0.0,0.0,8507.87,35797.81,353819.55,564569.38,0.0,0.0
202506,6453692.04,2865951.56,61192.05,3728009.92,0.0,0.0,8217.12,34182.86,338127.37,523439.24,0.0,0.0
202505,6632765.22,2818937.95,64178.98,3799492.18,0.0,0.0,8406.19,35833.8,340006.42,532979.61,0.0,0.0
202504,6267333.46,2673358.43,58891.0,3798026.1,0.0,0.0,8454.24,36327.15,341624.79,539022.34,0.0,0.0
202503,6238231.6,2566965.2,61294.83,3683199.49,0.0,0.0,8808.83,35645.95,340788.0,516117.79,0.0,0.0
202502,5598509.94,2429262.08,61949.09,3378764.97,0.0,0.0,8350.17,33019.98,324481.7,488180.37,0.0,0.0
202501,5673012.47,2469941.67,62232.13,3705721.69,0.0,0.0,9199.15,36429.91,338952.59,519244.8,0.0,0.0
202412,6429873.76,2778266.67,75539.52,4248330.27,0.0,0.0,9616.44,37774.51,361042.81,566693.06,0.0,0.0
202411,5794534.99,2456993.87,68004.61,3526411.66,0.0,0.0,9018.91,34430.29,332501.15,512370.3,0.0,0.0
202410,5712448.02,2476793.69,68590.55,3885790.21,0.0,0.0,10202.17,39646.01,362192.91,563986.63,0.0,0.0
202409,5515140.08,2313327.22,66156.06,3730246.74,0.0,0.0,9978.94,39601.85,344698.46,520250.19,0.0,0.0
202408,5639358.01,2326231.16,67581.13,3621022.67,0.0,0.0,10009.39,39142.87,343924.99,519248.33,0.0,0.0
202407,5392806.29,2338132.97,69657.23,3828950.29,0.0,0.0,10942.8,41504.78,366484.15,546660.21,0.0,0.0
202406,5252176.9,2118312.04,64970.94,3544187.49,0.0,0.0,9642.76,36114.74,327754.93,475278.61,0.0,0.0
202405,5204193.37,2103326.01,69023.19,3482037.72,0.0,0.0,10467.85,40133.55,349180.92,506302.82,0.0,0.0
202404,4900457.64,2062609.18,70647.2,3652606.92,0.0,0.0,11179.22,43295.4,361633.28,524619.69,0.0,0.0
202403,4880450.84,1920981.78,67565.09,3333054.72,0.0,0.0,10122.46,36644.55,336435.46,469047.59,0.0,0.0
202402,4344916.74,1703935.27,65805.91,2981226.89,60.01,109.32,10373.38,37076.26,332269.47,463066.01,61.89,34.21
202401,4350076.79,1804382.83,70343.33,3337346.6,387.18,815.94,11919.12,41615.89,363550.32,516702.44,600.76,616.58
202312,4783759.11,1919836.0,80202.34,3629759.48,1152.37,2498.31,11241.91,39208.22,337552.05,484391.91,1412.03,1399.42
202311,4211458.47,1727397.13,74398.41,3135995.22,754.56,1711.45,11866.27,40735.16,345234.36,490503.75,1506.38,1521.77
202310,4050452.35,1652921.87,71870.56,3325168.55,664.92,1578.12,12902.42,46646.9,362721.59,512336.66,1746.38,1763.79
202309,3830813.55,1527905.08,69407.83,3190050.37,483.31,1085.19,11916.38,41653.43,340115.13,471176.87,2636.88,2532.14
202308,3753059.35,1518932.78,76572.62,3406865.07,614.09,1481.22,13113.98,46973.84,360865.3,501254.74,5253.95,3197.77
202307,3533075.01,1422691.71,71737.39,3363338.77,667.68,1589.98,12782.7,43634.75,353354.67,479276.62,4722.99,4401.98
202306,3296854.65,1365761.97,73637.42,3658988.54,710.66,1683.4,12898.39,44354.61,348653.58,475375.14,3810.8,4006.27
202305,3189216.59,1343030.1,76551.74,3772412.45,620.33,1492.52,14171.91,50982.54,366029.09,509111.41,4139.19,4971.97
202304,2910507.63,1191585.15,69286.78,3234549.45,661.7,1594.82,12188.2,43399.52,326293.01,443418.56,2378.17,2279.99
202303,3001955.59,1280323.99,80528.87,3635596.89,680.54,1584.04,13763.41,55997.48,362664.11,487777.17,2595.33,2565.47
202302,2539124.04,1055639.04,70232.83,2889422.93,645.05,1512.53,12393.22,50947.11,325643.69,427177.9,2436.12,2367.58
202607,7975139.94,3800592.19,68602.77,4058803.01,0.0,0.0,6607.51,30011.4,341104.26,577982.13,0.0,0.0
202606,7699815.65,3599270.78,64041.78,4235160.17,0.0,0.0,6693.47,30773.59,340587.57,577082.91,0.0,0.0
202605,7854699.48,3478034.84,65540.9,3828232.89,0.0,0.0,6299.28,28997.49,321873.66,541107.26,0.0,0.0
202604,7370602.06,3421732.27,65272.11,4064285.57,0.0,0.0,6667.11,32464.83,326984.42,552159.56,0.0,0.0
202603,7442903.15,3533664.12,69211.12,4196796.01,0.0,0.0,7367.69,32865.28,346881.81,572564.03,0.0,0.0
202602,6606114.79,2996838.9,63710.34,3342672.09,0.0,0.0,6264.06,26618.21,307053.39,487957.93,0.0,0.0
202601,7021997.69,3170990.34,59302.67,3819653.6,0.0,0.0,7053.84,30801.1,315999.89,511645.82,0.0,0.0
202512,7858999.2,3771628.4,77612.7,4632904.84,0.0,0.0,7934.51,33738.32,360617.75,603920.36,0.0,0.0
202511,7161424.75,3122098.39,61980.91,3565384.27,0.0,0.0,7021.35,29207.65,317968.79,513158.5,0.0,0.0
202510,7262044.71,3315978.67,69508.97,3935395.1,0.0,0.0,8133.43,34584.96,347805.9,570061.34,0.0,0.0
202509,6843677.25,3178872.86,67787.76,3935730.15,0.0,0.0,8401.46,36257.82,349079.13,569213.66,0.0,0.0
202508,6965545.33,3033563.78,64506.6,3700999.64,0.0,0.0,7764.15,34009.59,328959.8,522435.28,0.0,0.0
202507,6671770.9,3055518.75,67192.89,3915166.65,0.0,0.0,8507.87,35797.81,353819.55,564569.38,0.0,0.0
202506,6453692.04,2865951.56,61192.05,3728009.92,0.0,0.0,8217.12,34182.86,338127.37,523439.24,0.0,0.0
202505,6632765.22,2818937.95,64178.98,3799492.18,0.0,0.0,8406.19,35833.8,340006.42,532979.61,0.0,0.0
202504,6267333.46,2673358.43,58891.0,3798026.1,0.0,0.0,8454.24,36327.15,341624.79,539022.34,0.0,0.0
202503,6238231.6,2566965.2,61294.83,3683199.49,0.0,0.0,8808.83,35645.95,340788.0,516117.79,0.0,0.0
202502,5598509.94,2429262.08,61949.09,3378764.97,0.0,0.0,8350.17,33019.98,324481.7,488180.37,0.0,0.0
202501,5673012.47,2469941.67,62232.13,3705721.69,0.0,0.0,9199.15,36429.91,338952.59,519244.8,0.0,0.0
202412,6429873.76,2778266.67,75539.52,4248330.27,0.0,0.0,9616.44,37774.51,361042.81,566693.06,0.0,0.0
202411,5794534.99,2456993.87,68004.61,3526411.66,0.0,0.0,9018.91,34430.29,332501.15,512370.3,0.0,0.0
202410,5712448.02,2476793.69,68590.55,3885790.21,0.0,0.0,10202.17,39646.01,362192.91,563986.63,0.0,0.0
202409,5515140.08,2313327.22,66156.06,3730246.74,0.0,0.0,9978.94,39601.85,344698.46,520250.19,0.0,0.0
202408,5639358.01,2326231.16,67581.13,3621022.67,0.0,0.0,10009.39,39142.87,343924.99,519248.33,0.0,0.0
202407,5392806.29,2338132.97,69657.23,3828950.29,0.0,0.0,10942.8,41504.78,366484.15,546660.21,0.0,0.0
202406,5252176.9,2118312.04,64970.94,3544187.49,0.0,0.0,9642.76,36114.74,327754.93,475278.61,0.0,0.0
202405,5204193.37,2103326.01,69023.19,3482037.72,0.0,0.0,10467.85,40133.55,349180.92,506302.82,0.0,0.0
202404,4900457.64,2062609.18,70647.2,3652606.92,0.0,0.0,11179.22,43295.4,361633.28,524619.69,0.0,0.0
202403,4880450.84,1920981.78,67565.09,3333054.72,0.0,0.0,10122.46,36644.55,336435.46,469047.59,0.0,0.0
202402,4344916.74,1703935.27,65805.91,2981226.89,60.01,109.32,10373.38,37076.26,332269.47,463066.01,61.89,34.21
202401,4350076.79,1804382.83,70343.33,3337346.6,387.18,815.94,11919.12,41615.89,363550.32,516702.44,600.76,616.58
202312,4783759.11,1919836.0,80202.34,3629759.48,1152.37,2498.31,11241.91,39208.22,337552.05,484391.91,1412.03,1399.42
202311,4211458.47,1727397.13,74398.41,3135995.22,754.56,1711.45,11866.27,40735.16,345234.36,490503.75,1506.38,1521.77
202310,4050452.35,1652921.87,71870.56,3325168.55,664.92,1578.12,12902.42,46646.9,362721.59,512336.66,1746.38,1763.79
202309,3830813.55,1527905.08,69407.83,3190050.37,483.31,1085.19,11916.38,41653.43,340115.13,471176.87,2636.88,2532.14
202308,3753059.35,1518932.78,76572.62,3406865.07,614.09,1481.22,13113.98,46973.84,360865.3,501254.74,5253.95,3197.77
202307,3533075.01,1422691.71,71737.39,3363338.77,667.68,1589.98,12782.7,43634.75,353354.67,479276.62,4722.99,4401.98
202306,3296854.65,1365761.97,73637.42,3658988.54,710.66,1683.4,12898.39,44354.61,348653.58,475375.14,3810.8,4006.27
202305,3189216.59,1343030.1,76551.74,3772412.45,620.33,1492.52,14171.91,50982.54,366029.09,509111.41,4139.19,4971.97
202304,2910507.63,1191585.15,69286.78,3234549.45,661.7,1594.82,12188.2,43399.52,326293.01,443418.56,2378.17,2279.99
202303,3001955.59,1280323.99,80528.87,3635596.89,680.54,1584.04,13763.41,55997.48,362664.11,487777.17,2595.33,2565.47
202607,7975139.94,3800592.19,68602.77,4058803.01,0.0,0.0,6607.51,30011.4,341104.26,577982.13,0.0,0.0
202606,7699815.65,3599270.78,64041.78,4235160.17,0.0,0.0,6693.47,30773.59,340587.57,577082.91,0.0,0.0
202605,7854699.48,3478034.84,65540.9,3828232.89,0.0,0.0,6299.28,28997.49,321873.66,541107.26,0.0,0.0
202604,7370602.06,3421732.27,65272.11,4064285.57,0.0,0.0,6667.11,32464.83,326984.42,552159.56,0.0,0.0
202603,7442903.15,3533664.12,69211.12,4196796.01,0.0,0.0,7367.69,32865.28,346881.81,572564.03,0.0,0.0
202602,6606114.79,2996838.9,63710.34,3342672.09,0.0,0.0,6264.06,26618.21,307053.39,487957.93,0.0,0.0
202601,7021997.69,3170990.34,59302.67,3819653.6,0.0,0.0,7053.84,30801.1,315999.89,511645.82,0.0,0.0
202512,7858999.2,3771628.4,77612.7,4632904.84,0.0,0.0,7934.51,33738.32,360617.75,603920.36,0.0,0.0
202511,7161424.75,3122098.39,61980.91,3565384.27,0.0,0.0,7021.35,29207.65,317968.79,513158.5,0.0,0.0
202510,7262044.71,3315978.67,69508.97,3935395.1,0.0,0.0,8133.43,34584.96,347805.9,570061.34,0.0,0.0
202509,6843677.25,3178872.86,67787.76,3935730.15,0.0,0.0,8401.46,36257.82,349079.13,569213.66,0.0,0.0
202508,6965545.33,3033563.78,64506.6,3700999.64,0.0,0.0,7764.15,34009.59,328959.8,522435.28,0.0,0.0
202507,6671770.9,3055518.75,67192.89,3915166.65,0.0,0.0,8507.87,35797.81,353819.55,564569.38,0.0,0.0
202506,6453692.04,2865951.56,61192.05,3728009.92,0.0,0.0,8217.12,34182.86,338127.37,523439.24,0.0,0.0
202505,6632765.22,2818937.95,64178.98,3799492.18,0.0,0.0,8406.19,35833.8,340006.42,532979.61,0.0,0.0
202504,6267333.46,2673358.43,58891.0,3798026.1,0.0,0.0,8454.24,36327.15,341624.79,539022.34,0.0,0.0
202503,6238231.6,2566965.2,61294.83,3683199.49,0.0,0.0,8808.83,35645.95,340788.0,516117.79,0.0,0.0
202502,5598509.94,2429262.08,61949.09,3378764.97,0.0,0.0,8350.17,33019.98,324481.7,488180.37,0.0,0.0
202501,5673012.47,2469941.67,62232.13,3705721.69,0.0,0.0,9199.15,36429.91,338952.59,519244.8,0.0,0.0
202412,6429873.76,2778266.67,75539.52,4248330.27,0.0,0.0,9616.44,37774.51,361042.81,566693.06,0.0,0.0
202411,5794534.99,2456993.87,68004.61,3526411.66,0.0,0.0,9018.91,34430.29,332501.15,512370.3,0.0,0.0
202410,5712448.02,2476793.69,68590.55,3885790.21,0.0,0.0,10202.17,39646.01,362192.91,563986.63,0.0,0.0
202409,5515140.08,2313327.22,66156.06,3730246.74,0.0,0.0,9978.94,39601.85,344698.46,520250.19,0.0,0.0
202408,5639358.01,2326231.16,67581.13,3621022.67,0.0,0.0,10009.39,39142.87,343924.99,519248.33,0.0,0.0
202407,5392806.29,2338132.97,69657.23,3828950.29,0.0,0.0,10942.8,41504.78,366484.15,546660.21,0.0,0.0
202406,5252176.9,2118312.04,64970.94,3544187.49,0.0,0.0,9642.76,36114.74,327754.93,475278.61,0.0,0.0
202405,5204193.37,2103326.01,69023.19,3482037.72,0.0,0.0,10467.85,40133.55,349180.92,506302.82,0.0,0.0
202404,4900457.64,2062609.18,70647.2,3652606.92,0.0,0.0,11179.22,43295.4,361633.28,524619.69,0.0,0.0
202403,4880450.84,1920981.78,67565.09,3333054.72,0.0,0.0,10122.46,36644.55,336435.46,469047.59,0.0,0.0
202402,4344916.74,1703935.27,65805.91,2981226.89,60.01,109.32,10373.38,37076.26,332269.47,463066.01,61.89,34.21
202401,4350076.79,1804382.83,70343.33,3337346.6,387.18,815.94,11919.12,41615.89,363550.32,516702.44,600.76,616.58
202312,4783759.11,1919836.0,80202.34,3629759.48,1152.37,2498.31,11241.91,39208.22,337552.05,484391.91,1412.03,1399.42
202311,4211458.47,1727397.13,74398.41,3135995.22,754.56,1711.45,11866.27,40735.16,345234.36,490503.75,1506.38,1521.77
202310,4050452.35,1652921.87,71870.56,3325168.55,664.92,1578.12,12902.42,46646.9,362721.59,512336.66,1746.38,1763.79
202309,3830813.55,1527905.08,69407.83,3190050.37,483.31,1085.19,11916.38,41653.43,340115.13,471176.87,2636.88,2532.14
202308,3753059.35,1518932.78,76572.62,3406865.07,614.09,1481.22,13113.98,46973.84,360865.3,501254.74,5253.95,3197.77
202307,3533075.01,1422691.71,71737.39,3363338.77,667.68,1589.98,12782.7,43634.75,353354.67,479276.62,4722.99,4401.98
202306,3296854.65,1365761.97,73637.42,3658988.54,710.66,1683.4,12898.39,44354.61,348653.58,475375.14,3810.8,4006.27
202305,3189216.59,1343030.1,76551.74,3772412.45,620.33,1492.52,14171.91,50982.54,366029.09,509111.41,4139.19,4971.97
202304,2910507.63,1191585.15,69286.78,3234549.45,661.7,1594.82,12188.2,43399.52,326293.01,443418.56,2378.17,2279.99
202607,7975139.94,3800592.19,68602.77,4058803.01,0.0,0.0,6607.51,30011.4,341104.26,577982.13,0.0,0.0
202606,7699815.65,3599270.78,64041.78,4235160.17,0.0,0.0,6693.47,30773.59,340587.57,577082.91,0.0,0.0
202605,7854699.48,3478034.84,65540.9,3828232.89,0.0,0.0,6299.28,28997.49,321873.66,541107.26,0.0,0.0
202604,7370602.06,3421732.27,65272.11,4064285.57,0.0,0.0,6667.11,32464.83,326984.42,552159.56,0.0,0.0
202603,7442903.15,3533664.12,69211.12,4196796.01,0.0,0.0,7367.69,32865.28,346881.81,572564.03,0.0,0.0
202602,6606114.79,2996838.9,63710.34,3342672.09,0.0,0.0,6264.06,26618.21,307053.39,487957.93,0.0,0.0
202601,7021997.69,3170990.34,59302.67,3819653.6,0.0,0.0,7053.84,30801.1,315999.89,511645.82,0.0,0.0
202512,7858999.2,3771628.4,77612.7,4632904.84,0.0,0.0,7934.51,33738.32,360617.75,603920.36,0.0,0.0
202511,7161424.75,3122098.39,61980.91,3565384.27,0.0,0.0,7021.35,29207.65,317968.79,513158.5,0.0,0.0
202510,7262044.71,3315978.67,69508.97,3935395.1,0.0,0.0,8133.43,34584.96,347805.9,570061.34,0.0,0.0
202509,6843677.25,3178872.86,67787.76,3935730.15,0.0,0.0,8401.46,36257.82,349079.13,569213.66,0.0,0.0
202508,6965545.33,3033563.78,64506.6,3700999.64,0.0,0.0,7764.15,34009.59,328959.8,522435.28,0.0,0.0
202507,6671770.9,3055518.75,67192.89,3915166.65,0.0,0.0,8507.87,35797.81,353819.55,564569.38,0.0,0.0
202506,6453692.04,2865951.56,61192.05,3728009.92,0.0,0.0,8217.12,34182.86,338127.37,523439.24,0.0,0.0
202505,6632765.22,2818937.95,64178.98,3799492.18,0.0,0.0,8406.19,35833.8,340006.42,532979.61,0.0,0.0
202504,6267333.46,2673358.43,58891.0,3798026.1,0.0,0.0,8454.24,36327.15,341624.79,539022.34,0.0,0.0
202503,6238231.6,2566965.2,61294.83,3683199.49,0.0,0.0,8808.83,35645.95,340788.0,516117.79,0.0,0.0
202502,5598509.94,2429262.08,61949.09,3378764.97,0.0,0.0,8350.17,33019.98,324481.7,488180.37,0.0,0.0
202501,5673012.47,2469941.67,62232.13,3705721.69,0.0,0.0,9199.15,36429.91,338952.59,519244.8,0.0,0.0
202412,6429873.76,2778266.67,75539.52,4248330.27,0.0,0.0,9616.44,37774.51,361042.81,566693.06,0.0,0.0
202411,5794534.99,2456993.87,68004.61,3526411.66,0.0,0.0,9018.91,34430.29,332501.15,512370.3,0.0,0.0
202410,5712448.02,2476793.69,68590.55,3885790.21,0.0,0.0,10202.17,39646.01,362192.91,563986.63,0.0,0.0
202409,5515140.08,2313327.22,66156.06,3730246.74,0.0,0.0,9978.94,39601.85,344698.46,520250.19,0.0,0.0
202408,5639358.01,2326231.16,67581.13,3621022.67,0.0,0.0,10009.39,39142.87,343924.99,519248.33,0.0,0.0
202407,5392806.29,2338132.97,69657.23,3828950.29,0.0,0.0,10942.8,41504.78,366484.15,546660.21,0.0,0.0
202406,5252176.9,2118312.04,64970.94,3544187.49,0.0,0.0,9642.76,36114.74,327754.93,475278.61,0.0,0.0
202405,5204193.37,2103326.01,69023.19,3482037.72,0.0,0.0,10467.85,40133.55,349180.92,506302.82,0.0,0.0
202404,4900457.64,2062609.18,70647.2,3652606.92,0.0,0.0,11179.22,43295.4,361633.28,524619.69,0.0,0.0
202403,4880450.84,1920981.78,67565.09,3333054.72,0.0,0.0,10122.46,36644.55,336435.46,469047.59,0.0,0.0
202402,4344916.74,1703935.27,65805.91,2981226.89,60.01,109.32,10373.38,37076.26,332269.47,463066.01,61.89,34.21
202401,4350076.79,1804382.83,70343.33,3337346.6,387.18,815.94,11919.12,41615.89,363550.32,516702.44,600.76,616.58
202312,4783759.11,1919836.0,80202.34,3629759.48,1152.37,2498.31,11241.91,39208.22,337552.05,484391.91,1412.03,1399.42
202311,4211458.47,1727397.13,74398.41,3135995.22,754.56,1711.45,11866.27,40735.16,345234.36,490503.75,1506.38,1521.77
202310,4050452.35,1652921.87,71870.56,3325168.55,664.92,1578.12,12902.42,46646.9,362721.59,512336.66,1746.38,1763.79
202309,3830813.55,1527905.08,69407.83,3190050.37,483.31,1085.19,11916.38,41653.43,340115.13,471176.87,2636.88,2532.14
202308,3753059.35,1518932.78,76572.62,3406865.07,614.09,1481.22,13113.98,46973.84,360865.3,501254.74,5253.95,3197.77
202307,3533075.01,1422691.71,71737.39,3363338.77,667.68,1589.98,12782.7,43634.75,353354.67,479276.62,4722.99,4401.98
202306,3296854.65,1365761.97,73637.42,3658988.54,710.66,1683.4,12898.39,44354.61,348653.58,475375.14,3810.8,4006.27
202305,3189216.59,1343030.1,76551.74,3772412.45,620.33,1492.52,14171.91,50982.54,366029.09,509111.41,4139.19,4971.97
202607,7975139.94,3800592.19,68602.77,4058803.01,0.0,0.0,6607.51,30011.4,341104.26,577982.13,0.0,0.0
202606,7699815.65,3599270.78,64041.78,4235160.17,0.0,0.0,6693.47,30773.59,340587.57,577082.91,0.0,0.0
202605,7854699.48,3478034.84,65540.9,3828232.89,0.0,0.0,6299.28,28997.49,321873.66,541107.26,0.0,0.0
202604,7370602.06,3421732.27,65272.11,4064285.57,0.0,0.0,6667.11,32464.83,326984.42,552159.56,0.0,0.0
202603,7442903.15,3533664.12,69211.12,4196796.01,0.0,0.0,7367.69,32865.28,346881.81,572564.03,0.0,0.0
202602,6606114.79,2996838.9,63710.34,3342672.09,0.0,0.0,6264.06,26618.21,307053.39,487957.93,0.0,0.0
202601,7021997.69,3170990.34,59302.67,3819653.6,0.0,0.0,7053.84,30801.1,315999.89,511645.82,0.0,0.0
202512,7858999.2,3771628.4,77612.7,4632904.84,0.0,0.0,7934.51,33738.32,360617.75,603920.36,0.0,0.0
202511,7161424.75,3122098.39,61980.91,3565384.27,0.0,0.0,7021.35,29207.65,317968.79,513158.5,0.0,0.0
202510,7262044.71,3315978.67,69508.97,3935395.1,0.0,0.0,8133.43,34584.96,347805.9,570061.34,0.0,0.0
202509,6843677.25,3178872.86,67787.76,3935730.15,0.0,0.0,8401.46,36257.82,349079.13,569213.66,0.0,0.0
202508,6965545.33,3033563.78,64506.6,3700999.64,0.0,0.0,7764.15,34009.59,328959.8,522435.28,0.0,0.0
202507,6671770.9,3055518.75,67192.89,3915166.65,0.0,0.0,8507.87,35797.81,353819.55,564569.38,0.0,0.0
202506,6453692.04,2865951.56,61192.05,3728009.92,0.0,0.0,8217.12,34182.86,338127.37,523439.24,0.0,0.0
202505,6632765.22,2818937.95,64178.98,3799492.18,0.0,0.0,8406.19,35833.8,340006.42,532979.61,0.0,0.0
202504,6267333.46,2673358.43,58891.0,3798026.1,0.0,0.0,8454.24,36327.15,341624.79,539022.34,0.0,0.0
202503,6238231.6,2566965.2,61294.83,3683199.49,0.0,0.0,8808.83,35645.95,340788.0,516117.79,0.0,0.0
202502,5598509.94,2429262.08,61949.09,3378764.97,0.0,0.0,8350.17,33019.98,324481.7,488180.37,0.0,0.0
202501,5673012.47,2469941.67,62232.13,3705721.69,0.0,0.0,9199.15,36429.91,338952.59,519244.8,0.0,0.0
202412,6429873.76,2778266.67,75539.52,4248330.27,0.0,0.0,9616.44,37774.51,361042.81,566693.06,0.0,0.0
202411,5794534.99,2456993.87,68004.61,3526411.66,0.0,0.0,9018.91,34430.29,332501.15,512370.3,0.0,0.0
202410,5712448.02,2476793.69,68590.55,3885790.21,0.0,0.0,10202.17,39646.01,362192.91,563986.63,0.0,0.0
202409,5515140.08,2313327.22,66156.06,3730246.74,0.0,0.0,9978.94,39601.85,344698.46,520250.19,0.0,0.0
202408,5639358.01,2326231.16,67581.13,3621022.67,0.0,0.0,10009.39,39142.87,343924.99,519248.33,0.0,0.0
202407,5392806.29,2338132.97,69657.23,3828950.29,0.0,0.0,10942.8,41504.78,366484.15,546660.21,0.0,0.0
202406,5252176.9,2118312.04,64970.94,3544187.49,0.0,0.0,9642.76,36114.74,327754.93,475278.61,0.0,0.0
202405,5204193.37,2103326.01,69023.19,3482037.72,0.0,0.0,10467.85,40133.55,349180.92,506302.82,0.0,0.0
202404,4900457.64,2062609.18,70647.2,3652606.92,0.0,0.0,11179.22,43295.4,361633.28,524619.69,0.0,0.0
202403,4880450.84,1920981.78,67565.09,3333054.72,0.0,0.0,10122.46,36644.55,336435.46,469047.59,0.0,0.0
202402,4344916.74,1703935.27,65805.91,2981226.89,60.01,109.32,10373.38,37076.26,332269.47,463066.01,61.89,34.21
202401,4350076.79,1804382.83,70343.33,3337346.6,387.18,815.94,11919.12,41615.89,363550.32,516702.44,600.76,616.58
202312,4783759.11,1919836.0,80202.34,3629759.48,1152.37,2498.31,11241.91,39208.22,337552.05,484391.91,1412.03,1399.42
202311,4211458.47,1727397.13,74398.41,3135995.22,754.56,1711.45,11866.27,40735.16,345234.36,490503.75,1506.38,1521.77
202310,4050452.35,1652921.87,71870.56,3325168.55,664.92,1578.12,12902.42,46646.9,362721.59,512336.66,1746.38,1763.79
202309,3830813.55,1527905.08,69407.83,3190050.37,483.31,1085.19,11916.38,41653.43,340115.13,471176.87,2636.88,2532.14
202308,3753059.35,1518932.78,76572.62,3406865.07,614.09,1481.22,13113.98,46973.84,360865.3,501254.74,5253.95,3197.77
202307,3533075.01,1422691.71,71737.39,3363338.77,667.68,1589.98,12782.7,43634.75,353354.67,479276.62,4722.99,4401.98
202306,3296854.65,1365761.97,73637.42,3658988.54,710.66,1683.4,12898.39,44354.61,348653.58,475375.14,3810.8,4006.27
202607,7975139.94,3800592.19,68602.77,4058803.01,0.0,0.0,6607.51,30011.4,341104.26,577982.13,0.0,0.0
202606,7699815.65,3599270.78,64041.78,4235160.17,0.0,0.0,6693.47,30773.59,340587.57,577082.91,0.0,0.0
202605,7854699.48,3478034.84,65540.9,3828232.89,0.0,0.0,6299.28,28997.49,321873.66,541107.26,0.0,0.0
202604,7370602.06,3421732.27,65272.11,4064285.57,0.0,0.0,6667.11,32464.83,326984.42,552159.56,0.0,0.0
202603,7442903.15,3533664.12,69211.12,4196796.01,0.0,0.0,7367.69,32865.28,346881.81,572564.03,0.0,0.0
202602,6606114.79,2996838.9,63710.34,3342672.09,0.0,0.0,6264.06,26618.21,307053.39,487957.93,0.0,0.0
202601,7021997.69,3170990.34,59302.67,3819653.6,0.0,0.0,7053.84,30801.1,315999.89,511645.82,0.0,0.0
202512,7858999.2,3771628.4,77612.7,4632904.84,0.0,0.0,7934.51,33738.32,360617.75,603920.36,0.0,0.0
202511,7161424.75,3122098.39,61980.91,3565384.27,0.0,0.0,7021.35,29207.65,317968.79,513158.5,0.0,0.0
202510,7262044.71,3315978.67,69508.97,3935395.1,0.0,0.0,8133.43,34584.96,347805.9,570061.34,0.0,0.0
202509,6843677.25,3178872.86,67787.76,3935730.15,0.0,0.0,8401.46,36257.82,349079.13,569213.66,0.0,0.0
202508,6965545.33,3033563.78,64506.6,3700999.64,0.0,0.0,7764.15,34009.59,328959.8,522435.28,0.0,0.0
202507,6671770.9,3055518.75,67192.89,3915166.65,0.0,0.0,8507.87,35797.81,353819.55,564569.38,0.0,0.0
202506,6453692.04,2865951.56,61192.05,3728009.92,0.0,0.0,8217.12,34182.86,338127.37,523439.24,0.0,0.0
202505,6632765.22,2818937.95,64178.98,3799492.18,0.0,0.0,8406.19,35833.8,340006.42,532979.61,0.0,0.0
202504,6267333.46,2673358.43,58891.0,3798026.1,0.0,0.0,8454.24,36327.15,341624.79,539022.34,0.0,0.0
202503,6238231.6,2566965.2,61294.83,3683199.49,0.0,0.0,8808.83,35645.95,340788.0,516117.79,0.0,0.0
202502,5598509.94,2429262.08,61949.09,3378764.97,0.0,0.0,8350.17,33019.98,324481.7,488180.37,0.0,0.0
202501,5673012.47,2469941.67,62232.13,3705721.69,0.0,0.0,9199.15,36429.91,338952.59,519244.8,0.0,0.0
202412,6429873.76,2778266.67,75539.52,4248330.27,0.0,0.0,9616.44,37774.51,361042.81,566693.06,0.0,0.0
202411,5794534.99,2456993.87,68004.61,3526411.66,0.0,0.0,9018.91,34430.29,332501.15,512370.3,0.0,0.0
202410,5712448.02,2476793.69,68590.55,3885790.21,0.0,0.0,10202.17,39646.01,362192.91,563986.63,0.0,0.0
202409,5515140.08,2313327.22,66156.06,3730246.74,0.0,0.0,9978.94,39601.85,344698.46,520250.19,0.0,0.0
202408,5639358.01,2326231.16,67581.13,3621022.67,0.0,0.0,10009.39,39142.87,343924.99,519248.33,0.0,0.0
202407,5392806.29,2338132.97,69657.23,3828950.29,0.0,0.0,10942.8,41504.78,366484.15,546660.21,0.0,0.0
202406,5252176.9,2118312.04,64970.94,3544187.49,0.0,0.0,9642.76,36114.74,327754.93,475278.61,0.0,0.0
202405,5204193.37,2103326.01,69023.19,3482037.72,0.0,0.0,10467.85,40133.55,349180.92,506302.82,0.0,0.0
202404,4900457.64,2062609.18,70647.2,3652606.92,0.0,0.0,11179.22,43295.4,361633.28,524619.69,0.0,0.0
202403,4880450.84,1920981.78,67565.09,3333054.72,0.0,0.0,10122.46,36644.55,336435.46,469047.59,0.0,0.0
202402,4344916.74,1703935.27,65805.91,2981226.89,60.01,109.32,10373.38,37076.26,332269.47,463066.01,61.89,34.21
202401,4350076.79,1804382.83,70343.33,3337346.6,387.18,815.94,11919.12,41615.89,363550.32,516702.44,600.76,616.58
202312,4783759.11,1919836.0,80202.34,3629759.48,1152.37,2498.31,11241.91,39208.22,337552.05,484391.91,1412.03,1399.42
202311,4211458.47,1727397.13,74398.41,3135995.22,754.56,1711.45,11866.27,40735.16,345234.36,490503.75,1506.38,1521.77
202310,4050452.35,1652921.87,71870.56,3325168.55,664.92,1578.12,12902.42,46646.9,362721.59,512336.66,1746.38,1763.79
202309,3830813.55,1527905.08,69407.83,3190050.37,483.31,1085.19,11916.38,41653.43,340115.13,471176.87,2636.88,2532.14
202308,3753059.35,1518932.78,76572.62,3406865.07,614.09,1481.22,13113.98,46973.84,360865.3,501254.74,5253.95,3197.77
202307,3533075.01,1422691.71,71737.39,3363338.77,667.68,1589.98,12782.7,43634.75,353354.67,479276.62,4722.99,4401.98
202607,7975139.94,3800592.19,68602.77,4058803.01,0.0,0.0,6607.51,30011.4,341104.26,577982.13,0.0,0.0
202606,7699815.65,3599270.78,64041.78,4235160.17,0.0,0.0,6693.47,30773.59,340587.57,577082.91,0.0,0.0
202605,7854699.48,3478034.84,65540.9,3828232.89,0.0,0.0,6299.28,28997.49,321873.66,541107.26,0.0,0.0
202604,7370602.06,3421732.27,65272.11,4064285.57,0.0,0.0,6667.11,32464.83,326984.42,552159.56,0.0,0.0
202603,7442903.15,3533664.12,69211.12,4196796.01,0.0,0.0,7367.69,32865.28,346881.81,572564.03,0.0,0.0
202602,6606114.79,2996838.9,63710.34,3342672.09,0.0,0.0,6264.06,26618.21,307053.39,487957.93,0.0,0.0
202601,7021997.69,3170990.34,59302.67,3819653.6,0.0,0.0,7053.84,30801.1,315999.89,511645.82,0.0,0.0
202512,7858999.2,3771628.4,77612.7,4632904.84,0.0,0.0,7934.51,33738.32,360617.75,603920.36,0.0,0.0
202511,7161424.75,3122098.39,61980.91,3565384.27,0.0,0.0,7021.35,29207.65,317968.79,513158.5,0.0,0.0
202510,7262044.71,3315978.67,69508.97,3935395.1,0.0,0.0,8133.43,34584.96,347805.9,570061.34,0.0,0.0
202509,6843677.25,3178872.86,67787.76,3935730.15,0.0,0.0,8401.46,36257.82,349079.13,569213.66,0.0,0.0
202508,6965545.33,3033563.78,64506.6,3700999.64,0.0,0.0,7764.15,34009.59,328959.8,522435.28,0.0,0.0
202507,6671770.9,3055518.75,67192.89,3915166.65,0.0,0.0,8507.87,35797.81,353819.55,564569.38,0.0,0.0
202506,6453692.04,2865951.56,61192.05,3728009.92,0.0,0.0,8217.12,34182.86,338127.37,523439.24,0.0,0.0
202505,6632765.22,2818937.95,64178.98,3799492.18,0.0,0.0,8406.19,35833.8,340006.42,532979.61,0.0,0.0
202504,6267333.46,2673358.43,58891.0,3798026.1,0.0,0.0,8454.24,36327.15,341624.79,539022.34,0.0,0.0
202503,6238231.6,2566965.2,61294.83,3683199.49,0.0,0.0,8808.83,35645.95,340788.0,516117.79,0.0,0.0
202502,5598509.94,2429262.08,61949.09,3378764.97,0.0,0.0,8350.17,33019.98,324481.7,488180.37,0.0,0.0
202501,5673012.47,2469941.67,62232.13,3705721.69,0.0,0.0,9199.15,36429.91,338952.59,519244.8,0.0,0.0
202412,6429873.76,2778266.67,75539.52,4248330.27,0.0,0.0,9616.44,37774.51,361042.81,566693.06,0.0,0.0
202411,5794534.99,2456993.87,68004.61,3526411.66,0.0,0.0,9018.91,34430.29,332501.15,512370.3,0.0,0.0
202410,5712448.02,2476793.69,68590.55,3885790.21,0.0,0.0,10202.17,39646.01,362192.91,563986.63,0.0,0.0
202409,5515140.08,2313327.22,66156.06,3730246.74,0.0,0.0,9978.94,39601.85,344698.46,520250.19,0.0,0.0
202408,5639358.01,2326231.16,67581.13,3621022.67,0.0,0.0,10009.39,39142.87,343924.99,519248.33,0.0,0.0
202407,5392806.29,2338132.97,69657.23,3828950.29,0.0,0.0,10942.8,41504.78,366484.15,546660.21,0.0,0.0
202406,5252176.9,2118312.04,64970.94,3544187.49,0.0,0.0,9642.76,36114.74,327754.93,475278.61,0.0,0.0
202405,5204193.37,2103326.01,69023.19,3482037.72,0.0,0.0,10467.85,40133.55,349180.92,506302.82,0.0,0.0
202404,4900457.64,2062609.18,70647.2,3652606.92,0.0,0.0,11179.22,43295.4,361633.28,524619.69,0.0,0.0
202403,4880450.84,1920981.78,67565.09,3333054.72,0.0,0.0,10122.46,36644.55,336435.46,469047.59,0.0,0.0
202402,4344916.74,1703935.27,65805.91,2981226.89,60.01,109.32,10373.38,37076.26,332269.47,463066.01,61.89,34.21
202401,4350076.79,1804382.83,70343.33,3337346.6,387.18,815.94,11919.12,41615.89,363550.32,516702.44,600.76,616.58
202312,4783759.11,1919836.0,80202.34,3629759.48,1152.37,2498.31,11241.91,39208.22,337552.05,484391.91,1412.03,1399.42
202311,4211458.47,1727397.13,74398.41,3135995.22,754.56,1711.45,11866.27,40735.16,345234.36,490503.75,1506.38,1521.77
202310,4050452.35,1652921.87,71870.56,3325168.55,664.92,1578.12,12902.42,46646.9,362721.59,512336.66,1746.38,1763.79
202309,3830813.55,1527905.08,69407.83,3190050.37,483.31,1085.19,11916.38,41653.43,340115.13,471176.87,2636.88,2532.14
202308,3753059.35,1518932.78,76572.62,3406865.07,614.09,1481.22,13113.98,46973.84,360865.3,501254.74,5253.95,3197.77
202607,7975139.94,3800592.19,68602.77,4058803.01,0.0,0.0,6607.51,30011.4,341104.26,577982.13,0.0,0.0
202606,7699815.65,3599270.78,64041.78,4235160.17,0.0,0.0,6693.47,30773.59,340587.57,577082.91,0.0,0.0
202605,7854699.48,3478034.84,65540.9,3828232.89,0.0,0.0,6299.28,28997.49,321873.66,541107.26,0.0,0.0
202604,7370602.06,3421732.27,65272.11,4064285.57,0.0,0.0,6667.11,32464.83,326984.42,552159.56,0.0,0.0
202603,7442903.15,3533664.12,69211.12,4196796.01,0.0,0.0,7367.69,32865.28,346881.81,572564.03,0.0,0.0
202602,6606114.79,2996838.9,63710.34,3342672.09,0.0,0.0,6264.06,26618.21,307053.39,487957.93,0.0,0.0
202601,7021997.69,3170990.34,59302.67,3819653.6,0.0,0.0,7053.84,30801.1,315999.89,511645.82,0.0,0.0
202512,7858999.2,3771628.4,77612.7,4632904.84,0.0,0.0,7934.51,33738.32,360617.75,603920.36,0.0,0.0
202511,7161424.75,3122098.39,61980.91,3565384.27,0.0,0.0,7021.35,29207.65,317968.79,513158.5,0.0,0.0
202510,7262044.71,3315978.67,69508.97,3935395.1,0.0,0.0,8133.43,34584.96,347805.9,570061.34,0.0,0.0
202509,6843677.25,3178872.86,67787.76,3935730.15,0.0,0.0,8401.46,36257.82,349079.13,569213.66,0.0,0.0
202508,6965545.33,3033563.78,64506.6,3700999.64,0.0,0.0,7764.15,34009.59,328959.8,522435.28,0.0,0.0
202507,6671770.9,3055518.75,67192.89,3915166.65,0.0,0.0,8507.87,35797.81,353819.55,564569.38,0.0,0.0
202506,6453692.04,2865951.56,61192.05,3728009.92,0.0,0.0,8217.12,34182.86,338127.37,523439.24,0.0,0.0
202505,6632765.22,2818937.95,64178.98,3799492.18,0.0,0.0,8406.19,35833.8,340006.42,532979.61,0.0,0.0
202504,6267333.46,2673358.43,58891.0,3798026.1,0.0,0.0,8454.24,36327.15,341624.79,539022.34,0.0,0.0
202503,6238231.6,2566965.2,61294.83,3683199.49,0.0,0.0,8808.83,35645.95,340788.0,516117.79,0.0,0.0
202502,5598509.94,2429262.08,61949.09,3378764.97,0.0,0.0,8350.17,33019.98,324481.7,488180.37,0.0,0.0
202501,5673012.47,2469941.67,62232.13,3705721.69,0.0,0.0,9199.15,36429.91,338952.59,519244.8,0.0,0.0
202412,6429873.76,2778266.67,75539.52,4248330.27,0.0,0.0,9616.44,37774.51,361042.81,566693.06,0.0,0.0
202411,5794534.99,2456993.87,68004.61,3526411.66,0.0,0.0,9018.91,34430.29,332501.15,512370.3,0.0,0.0
202410,5712448.02,2476793.69,68590.55,3885790.21,0.0,0.0,10202.17,39646.01,362192.91,563986.63,0.0,0.0
202409,5515140.08,2313327.22,66156.06,3730246.74,0.0,0.0,9978.94,39601.85,344698.46,520250.19,0.0,0.0
202408,5639358.01,2326231.16,67581.13,3621022.67,0.0,0.0,10009.39,39142.87,343924.99,519248.33,0.0,0.0
202407,5392806.29,2338132.97,69657.23,3828950.29,0.0,0.0,10942.8,41504.78,366484.15,546660.21,0.0,0.0
202406,5252176.9,2118312.04,64970.94,3544187.49,0.0,0.0,9642.76,36114.74,327754.93,475278.61,0.0,0.0
202405,5204193.37,2103326.01,69023.19,3482037.72,0.0,0.0,10467.85,40133.55,349180.92,506302.82,0.0,0.0
202404,4900457.64,2062609.18,70647.2,3652606.92,0.0,0.0,11179.22,43295.4,361633.28,524619.69,0.0,0.0
202403,4880450.84,1920981.78,67565.09,3333054.72,0.0,0.0,10122.46,36644.55,336435.46,469047.59,0.0,0.0
202402,4344916.74,1703935.27,65805.91,2981226.89,60.01,109.32,10373.38,37076.26,332269.47,463066.01,61.89,34.21
202401,4350076.79,1804382.83,70343.33,3337346.6,387.18,815.94,11919.12,41615.89,363550.32,516702.44,600.76,616.58
202312,4783759.11,1919836.0,80202.34,3629759.48,1152.37,2498.31,11241.91,39208.22,337552.05,484391.91,1412.03,1399.42
202311,4211458.47,1727397.13,74398.41,3135995.22,754.56,1711.45,11866.27,40735.16,345234.36,490503.75,1506.38,1521.77
202310,4050452.35,1652921.87,71870.56,3325168.55,664.92,1578.12,12902.42,46646.9,362721.59,512336.66,1746.38,1763.79
202309,3830813.55,1527905.08,69407.83,3190050.37,483.31,1085.19,11916.38,41653.43,340115.13,471176.87,2636.88,2532.14
202607,7975139.94,3800592.19,68602.77,4058803.01,0.0,0.0,6607.51,30011.4,341104.26,577982.13,0.0,0.0
202606,7699815.65,3599270.78,64041.78,4235160.17,0.0,0.0,6693.47,30773.59,340587.57,577082.91,0.0,0.0
202605,7854699.48,3478034.84,65540.9,3828232.89,0.0,0.0,6299.28,28997.49,321873.66,541107.26,0.0,0.0
202604,7370602.06,3421732.27,65272.11,4064285.57,0.0,0.0,6667.11,32464.83,326984.42,552159.56,0.0,0.0
202603,7442903.15,3533664.12,69211.12,4196796.01,0.0,0.0,7367.69,32865.28,346881.81,572564.03,0.0,0.0
202602,6606114.79,2996838.9,63710.34,3342672.09,0.0,0.0,6264.06,26618.21,307053.39,487957.93,0.0,0.0
202601,7021997.69,3170990.34,59302.67,3819653.6,0.0,0.0,7053.84,30801.1,315999.89,511645.82,0.0,0.0
202512,7858999.2,3771628.4,77612.7,4632904.84,0.0,0.0,7934.51,33738.32,360617.75,603920.36,0.0,0.0
202511,7161424.75,3122098.39,61980.91,3565384.27,0.0,0.0,7021.35,29207.65,317968.79,513158.5,0.0,0.0
202510,7262044.71,3315978.67,69508.97,3935395.1,0.0,0.0,8133.43,34584.96,347805.9,570061.34,0.0,0.0
202509,6843677.25,3178872.86,67787.76,3935730.15,0.0,0.0,8401.46,36257.82,349079.13,569213.66,0.0,0.0
202508,6965545.33,3033563.78,64506.6,3700999.64,0.0,0.0,7764.15,34009.59,328959.8,522435.28,0.0,0.0
202507,6671770.9,3055518.75,67192.89,3915166.65,0.0,0.0,8507.87,35797.81,353819.55,564569.38,0.0,0.0
202506,6453692.04,2865951.56,61192.05,3728009.92,0.0,0.0,8217.12,34182.86,338127.37,523439.24,0.0,0.0
202505,6632765.22,2818937.95,64178.98,3799492.18,0.0,0.0,8406.19,35833.8,340006.42,532979.61,0.0,0.0
202504,6267333.46,2673358.43,58891.0,3798026.1,0.0,0.0,8454.24,36327.15,341624.79,539022.34,0.0,0.0
202503,6238231.6,2566965.2,61294.83,3683199.49,0.0,0.0,8808.83,35645.95,340788.0,516117.79,0.0,0.0
202502,5598509.94,2429262.08,61949.09,3378764.97,0.0,0.0,8350.17,33019.98,324481.7,488180.37,0.0,0.0
202501,5673012.47,2469941.67,62232.13,3705721.69,0.0,0.0,9199.15,36429.91,338952.59,519244.8,0.0,0.0
202412,6429873.76,2778266.67,75539.52,4248330.27,0.0,0.0,9616.44,37774.51,361042.81,566693.06,0.0,0.0
202411,5794534.99,2456993.87,68004.61,3526411.66,0.0,0.0,9018.91,34430.29,332501.15,512370.3,0.0,0.0
202410,5712448.02,2476793.69,68590.55,3885790.21,0.0,0.0,10202.17,39646.01,362192.91,563986.63,0.0,0.0
202409,5515140.08,2313327.22,66156.06,3730246.74,0.0,0.0,9978.94,39601.85,344698.46,520250.19,0.0,0.0
202408,5639358.01,2326231.16,67581.13,3621022.67,0.0,0.0,10009.39,39142.87,343924.99,519248.33,0.0,0.0
202407,5392806.29,2338132.97,69657.23,3828950.29,0.0,0.0,10942.8,41504.78,366484.15,546660.21,0.0,0.0
202406,5252176.9,2118312.04,64970.94,3544187.49,0.0,0.0,9642.76,36114.74,327754.93,475278.61,0.0,0.0
202405,5204193.37,2103326.01,69023.19,3482037.72,0.0,0.0,10467.85,40133.55,349180.92,506302.82,0.0,0.0
202404,4900457.64,2062609.18,70647.2,3652606.92,0.0,0.0,11179.22,43295.4,361633.28,524619.69,0.0,0.0
202403,4880450.84,1920981.78,67565.09,3333054.72,0.0,0.0,10122.46,36644.55,336435.46,469047.59,0.0,0.0
202402,4344916.74,1703935.27,65805.91,2981226.89,60.01,109.32,10373.38,37076.26,332269.47,463066.01,61.89,34.21
202401,4350076.79,1804382.83,70343.33,3337346.6,387.18,815.94,11919.12,41615.89,363550.32,516702.44,600.76,616.58
202312,4783759.11,1919836.0,80202.34,3629759.48,1152.37,2498.31,11241.91,39208.22,337552.05,484391.91,1412.03,1399.42
202311,4211458.47,1727397.13,74398.41,3135995.22,754.56,1711.45,11866.27,40735.16,345234.36,490503.75,1506.38,1521.77
202310,4050452.35,1652921.87,71870.56,3325168.55,664.92,1578.12,12902.42,46646.9,362721.59,512336.66,1746.38,1763.79
202607,7975139.94,3800592.19,68602.77,4058803.01,0.0,0.0,6607.51,30011.4,341104.26,577982.13,0.0,0.0
202606,7699815.65,3599270.78,64041.78,4235160.17,0.0,0.0,6693.47,30773.59,340587.57,577082.91,0.0,0.0
202605,7854699.48,3478034.84,65540.9,3828232.89,0.0,0.0,6299.28,28997.49,321873.66,541107.26,0.0,0.0
202604,7370602.06,3421732.27,65272.11,4064285.57,0.0,0.0,6667.11,32464.83,326984.42,552159.56,0.0,0.0
202603,7442903.15,3533664.12,69211.12,4196796.01,0.0,0.0,7367.69,32865.28,346881.81,572564.03,0.0,0.0
202602,6606114.79,2996838.9,63710.34,3342672.09,0.0,0.0,6264.06,26618.21,307053.39,487957.93,0.0,0.0
202601,7021997.69,3170990.34,59302.67,3819653.6,0.0,0.0,7053.84,30801.1,315999.89,511645.82,0.0,0.0
202512,7858999.2,3771628.4,77612.7,4632904.84,0.0,0.0,7934.51,33738.32,360617.75,603920.36,0.0,0.0
202511,7161424.75,3122098.39,61980.91,3565384.27,0.0,0.0,7021.35,29207.65,317968.79,513158.5,0.0,0.0
202510,7262044.71,3315978.67,69508.97,3935395.1,0.0,0.0,8133.43,34584.96,347805.9,570061.34,0.0,0.0
202509,6843677.25,3178872.86,67787.76,3935730.15,0.0,0.0,8401.46,36257.82,349079.13,569213.66,0.0,0.0
202508,6965545.33,3033563.78,64506.6,3700999.64,0.0,0.0,7764.15,34009.59,328959.8,522435.28,0.0,0.0
202507,6671770.9,3055518.75,67192.89,3915166.65,0.0,0.0,8507.87,35797.81,353819.55,564569.38,0.0,0.0
202506,6453692.04,2865951.56,61192.05,3728009.92,0.0,0.0,8217.12,34182.86,338127.37,523439.24,0.0,0.0
202505,6632765.22,2818937.95,64178.98,3799492.18,0.0,0.0,8406.19,35833.8,340006.42,532979.61,0.0,0.0
202504,6267333.46,2673358.43,58891.0,3798026.1,0.0,0.0,8454.24,36327.15,341624.79,539022.34,0.0,0.0
202503,6238231.6,2566965.2,61294.83,3683199.49,0.0,0.0,8808.83,35645.95,340788.0,516117.79,0.0,0.0
202502,5598509.94,2429262.08,61949.09,3378764.97,0.0,0.0,8350.17,33019.98,324481.7,488180.37,0.0,0.0
202501,5673012.47,2469941.67,62232.13,3705721.69,0.0,0.0,9199.15,36429.91,338952.59,519244.8,0.0,0.0
202412,6429873.76,2778266.67,75539.52,4248330.27,0.0,0.0,9616.44,37774.51,361042.81,566693.06,0.0,0.0
202411,5794534.99,2456993.87,68004.61,3526411.66,0.0,0.0,9018.91,34430.29,332501.15,512370.3,0.0,0.0
202410,5712448.02,2476793.69,68590.55,3885790.21,0.0,0.0,10202.17,39646.01,362192.91,563986.63,0.0,0.0
202409,5515140.08,2313327.22,66156.06,3730246.74,0.0,0.0,9978.94,39601.85,344698.46,520250.19,0.0,0.0
202408,5639358.01,2326231.16,67581.13,3621022.67,0.0,0.0,10009.39,39142.87,343924.99,519248.33,0.0,0.0
202407,5392806.29,2338132.97,69657.23,3828950.29,0.0,0.0,10942.8,41504.78,366484.15,546660.21,0.0,0.0
202406,5252176.9,2118312.04,64970.94,3544187.49,0.0,0.0,9642.76,36114.74,327754.93,475278.61,0.0,0.0
202405,5204193.37,2103326.01,69023.19,3482037.72,0.0,0.0,10467.85,40133.55,349180.92,506302.82,0.0,0.0
202404,4900457.64,2062609.18,70647.2,3652606.92,0.0,0.0,11179.22,43295.4,361633.28,524619.69,0.0,0.0
202403,4880450.84,1920981.78,67565.09,3333054.72,0.0,0.0,10122.46,36644.55,336435.46,469047.59,0.0,0.0
202402,4344916.74,1703935.27,65805.91,2981226.89,60.01,109.32,10373.38,37076.26,332269.47,463066.01,61.89,34.21
202401,4350076.79,1804382.83,70343.33,3337346.6,387.18,815.94,11919.12,41615.89,363550.32,516702.44,600.76,616.58
202312,4783759.11,1919836.0,80202.34,3629759.48,1152.37,2498.31,11241.91,39208.22,337552.05,484391.91,1412.03,1399.42
202311,4211458.47,1727397.13,74398.41,3135995.22,754.56,1711.45,11866.27,40735.16,345234.36,490503.75,1506.38,1521.77
202607,7975139.94,3800592.19,68602.77,4058803.01,0.0,0.0,6607.51,30011.4,341104.26,577982.13,0.0,0.0
202606,7699815.65,3599270.78,64041.78,4235160.17,0.0,0.0,6693.47,30773.59,340587.57,577082.91,0.0,0.0
202605,7854699.48,3478034.84,65540.9,3828232.89,0.0,0.0,6299.28,28997.49,321873.66,541107.26,0.0,0.0
202604,7370602.06,3421732.27,65272.11,4064285.57,0.0,0.0,6667.11,32464.83,326984.42,552159.56,0.0,0.0
202603,7442903.15,3533664.12,69211.12,4196796.01,0.0,0.0,7367.69,32865.28,346881.81,572564.03,0.0,0.0
202602,6606114.79,2996838.9,63710.34,3342672.09,0.0,0.0,6264.06,26618.21,307053.39,487957.93,0.0,0.0
202601,7021997.69,3170990.34,59302.67,3819653.6,0.0,0.0,7053.84,30801.1,315999.89,511645.82,0.0,0.0
202512,7858999.2,3771628.4,77612.7,4632904.84,0.0,0.0,7934.51,33738.32,360617.75,603920.36,0.0,0.0
202511,7161424.75,3122098.39,61980.91,3565384.27,0.0,0.0,7021.35,29207.65,317968.79,513158.5,0.0,0.0
202510,7262044.71,3315978.67,69508.97,3935395.1,0.0,0.0,8133.43,34584.96,347805.9,570061.34,0.0,0.0
202509,6843677.25,3178872.86,67787.76,3935730.15,0.0,0.0,8401.46,36257.82,349079.13,569213.66,0.0,0.0
202508,6965545.33,3033563.78,64506.6,3700999.64,0.0,0.0,7764.15,34009.59,328959.8,522435.28,0.0,0.0
202507,6671770.9,3055518.75,67192.89,3915166.65,0.0,0.0,8507.87,35797.81,353819.55,564569.38,0.0,0.0
202506,6453692.04,2865951.56,61192.05,3728009.92,0.0,0.0,8217.12,34182.86,338127.37,523439.24,0.0,0.0
202505,6632765.22,2818937.95,64178.98,3799492.18,0.0,0.0,8406.19,35833.8,340006.42,532979.61,0.0,0.0
202504,6267333.46,2673358.43,58891.0,3798026.1,0.0,0.0,8454.24,36327.15,341624.79,539022.34,0.0,0.0
202503,6238231.6,2566965.2,61294.83,3683199.49,0.0,0.0,8808.83,35645.95,340788.0,516117.79,0.0,0.0
202502,5598509.94,2429262.08,61949.09,3378764.97,0.0,0.0,8350.17,33019.98,324481.7,488180.37,0.0,0.0
202501,5673012.47,2469941.67,62232.13,3705721.69,0.0,0.0,9199.15,36429.91,338952.59,519244.8,0.0,0.0
202412,6429873.76,2778266.67,75539.52,4248330.27,0.0,0.0,9616.44,37774.51,361042.81,566693.06,0.0,0.0
202411,5794534.99,2456993.87,68004.61,3526411.66,0.0,0.0,9018.91,34430.29,332501.15,512370.3,0.0,0.0
202410,5712448.02,2476793.69,68590.55,3885790.21,0.0,0.0,10202.17,39646.01,362192.91,563986.63,0.0,0.0
202409,5515140.08,2313327.22,66156.06,3730246.74,0.0,0.0,9978.94,39601.85,344698.46,520250.19,0.0,0.0
202408,5639358.01,2326231.16,67581.13,3621022.67,0.0,0.0,10009.39,39142.87,343924.99,519248.33,0.0,0.0
202407,5392806.29,2338132.97,69657.23,3828950.29,0.0,0.0,10942.8,41504.78,366484.15,546660.21,0.0,0.0
202406,5252176.9,2118312.04,64970.94,3544187.49,0.0,0.0,9642.76,36114.74,327754.93,475278.61,0.0,0.0
202405,5204193.37,2103326.01,69023.19,3482037.72,0.0,0.0,10467.85,40133.55,349180.92,506302.82,0.0,0.0
202404,4900457.64,2062609.18,70647.2,3652606.92,0.0,0.0,11179.22,43295.4,361633.28,524619.69,0.0,0.0
202403,4880450.84,1920981.78,67565.09,3333054.72,0.0,0.0,10122.46,36644.55,336435.46,469047.59,0.0,0.0
202402,4344916.74,1703935.27,65805.91,2981226.89,60.01,109.32,10373.38,37076.26,332269.47,463066.01,61.89,34.21
202401,4350076.79,1804382.83,70343.33,3337346.6,387.18,815.94,11919.12,41615.89,363550.32,516702.44,600.76,616.58
202312,4783759.11,1919836.0,80202.34,3629759.48,1152.37,2498.31,11241.91,39208.22,337552.05,484391.91,1412.03,1399.42
202607,7975139.94,3800592.19,68602.77,4058803.01,0.0,0.0,6607.51,30011.4,341104.26,577982.13,0.0,0.0
202606,7699815.65,3599270.78,64041.78,4235160.17,0.0,0.0,6693.47,30773.59,340587.57,577082.91,0.0,0.0
202605,7854699.48,3478034.84,65540.9,3828232.89,0.0,0.0,6299.28,28997.49,321873.66,541107.26,0.0,0.0
202604,7370602.06,3421732.27,65272.11,4064285.57,0.0,0.0,6667.11,32464.83,326984.42,552159.56,0.0,0.0
202603,7442903.15,3533664.12,69211.12,4196796.01,0.0,0.0,7367.69,32865.28,346881.81,572564.03,0.0,0.0
202602,6606114.79,2996838.9,63710.34,3342672.09,0.0,0.0,6264.06,26618.21,307053.39,487957.93,0.0,0.0
202601,7021997.69,3170990.34,59302.67,3819653.6,0.0,0.0,7053.84,30801.1,315999.89,511645.82,0.0,0.0
202512,7858999.2,3771628.4,77612.7,4632904.84,0.0,0.0,7934.51,33738.32,360617.75,603920.36,0.0,0.0
202511,7161424.75,3122098.39,61980.91,3565384.27,0.0,0.0,7021.35,29207.65,317968.79,513158.5,0.0,0.0
202510,7262044.71,3315978.67,69508.97,3935395.1,0.0,0.0,8133.43,34584.96,347805.9,570061.34,0.0,0.0
202509,6843677.25,3178872.86,67787.76,3935730.15,0.0,0.0,8401.46,36257.82,349079.13,569213.66,0.0,0.0
202508,6965545.33,3033563.78,64506.6,3700999.64,0.0,0.0,7764.15,34009.59,328959.8,522435.28,0.0,0.0
202507,6671770.9,3055518.75,67192.89,3915166.65,0.0,0.0,8507.87,35797.81,353819.55,564569.38,0.0,0.0
202506,6453692.04,2865951.56,61192.05,3728009.92,0.0,0.0,8217.12,34182.86,338127.37,523439.24,0.0,0.0
202505,6632765.22,2818937.95,64178.98,3799492.18,0.0,0.0,8406.19,35833.8,340006.42,532979.61,0.0,0.0
202504,6267333.46,2673358.43,58891.0,3798026.1,0.0,0.0,8454.24,36327.15,341624.79,539022.34,0.0,0.0
202503,6238231.6,2566965.2,61294.83,3683199.49,0.0,0.0,8808.83,35645.95,340788.0,516117.79,0.0,0.0
202502,5598509.94,2429262.08,61949.09,3378764.97,0.0,0.0,8350.17,33019.98,324481.7,488180.37,0.0,0.0
202501,5673012.47,2469941.67,62232.13,3705721.69,0.0,0.0,9199.15,36429.91,338952.59,519244.8,0.0,0.0
202412,6429873.76,2778266.67,75539.52,4248330.27,0.0,0.0,9616.44,37774.51,361042.81,566693.06,0.0,0.0
202411,5794534.99,2456993.87,68004.61,3526411.66,0.0,0.0,9018.91,34430.29,332501.15,512370.3,0.0,0.0
202410,5712448.02,2476793.69,68590.55,3885790.21,0.0,0.0,10202.17,39646.01,362192.91,563986.63,0.0,0.0
202409,5515140.08,2313327.22,66156.06,3730246.74,0.0,0.0,9978.94,39601.85,344698.46,520250.19,0.0,0.0
202408,5639358.01,2326231.16,67581.13,3621022.67,0.0,0.0,10009.39,39142.87,343924.99,519248.33,0.0,0.0
202407,5392806.29,2338132.97,69657.23,3828950.29,0.0,0.0,10942.8,41504.78,366484.15,546660.21,0.0,0.0
202406,5252176.9,2118312.04,64970.94,3544187.49,0.0,0.0,9642.76,36114.74,327754.93,475278.61,0.0,0.0
202405,5204193.37,2103326.01,69023.19,3482037.72,0.0,0.0,10467.85,40133.55,349180.92,506302.82,0.0,0.0
202404,4900457.64,2062609.18,70647.2,3652606.92,0.0,0.0,11179.22,43295.4,361633.28,524619.69,0.0,0.0
202403,4880450.84,1920981.78,67565.09,3333054.72,0.0,0.0,10122.46,36644.55,336435.46,469047.59,0.0,0.0
202402,4344916.74,1703935.27,65805.91,2981226.89,60.01,109.32,10373.38,37076.26,332269.47,463066.01,61.89,34.21
202401,4350076.79,1804382.83,70343.33,3337346.6,387.18,815.94,11919.12,41615.89,363550.32,516702.44,600.76,616.58
202607,7975139.94,3800592.19,68602.77,4058803.01,0.0,0.0,6607.51,30011.4,341104.26,577982.13,0.0,0.0
202606,7699815.65,3599270.78,64041.78,4235160.17,0.0,0.0,6693.47,30773.59,340587.57,577082.91,0.0,0.0
202605,7854699.48,3478034.84,65540.9,3828232.89,0.0,0.0,6299.28,28997.49,321873.66,541107.26,0.0,0.0
202604,7370602.06,3421732.27,65272.11,4064285.57,0.0,0.0,6667.11,32464.83,326984.42,552159.56,0.0,0.0
202603,7442903.15,3533664.12,69211.12,4196796.01,0.0,0.0,7367.69,32865.28,346881.81,572564.03,0.0,0.0
202602,6606114.79,2996838.9,63710.34,3342672.09,0.0,0.0,6264.06,26618.21,307053.39,487957.93,0.0,0.0
202601,7021997.69,3170990.34,59302.67,3819653.6,0.0,0.0,7053.84,30801.1,315999.89,511645.82,0.0,0.0
202512,7858999.2,3771628.4,77612.7,4632904.84,0.0,0.0,7934.51,33738.32,360617.75,603920.36,0.0,0.0
202511,7161424.75,3122098.39,61980.91,3565384.27,0.0,0.0,7021.35,29207.65,317968.79,513158.5,0.0,0.0
202510,7262044.71,3315978.67,69508.97,3935395.1,0.0,0.0,8133.43,34584.96,347805.9,570061.34,0.0,0.0
202509,6843677.25,3178872.86,67787.76,3935730.15,0.0,0.0,8401.46,36257.82,349079.13,569213.66,0.0,0.0
202508,6965545.33,3033563.78,64506.6,3700999.64,0.0,0.0,7764.15,34009.59,328959.8,522435.28,0.0,0.0
202507,6671770.9,3055518.75,67192.89,3915166.65,0.0,0.0,8507.87,35797.81,353819.55,564569.38,0.0,0.0
202506,6453692.04,2865951.56,61192.05,3728009.92,0.0,0.0,8217.12,34182.86,338127.37,523439.24,0.0,0.0
202505,6632765.22,2818937.95,64178.98,3799492.18,0.0,0.0,8406.19,35833.8,340006.42,532979.61,0.0,0.0
202504,6267333.46,2673358.43,58891.0,3798026.1,0.0,0.0,8454.24,36327.15,341624.79,539022.34,0.0,0.0
202503,6238231.6,2566965.2,61294.83,3683199.49,0.0,0.0,8808.83,35645.95,340788.0,516117.79,0.0,0.0
202502,5598509.94,2429262.08,61949.09,3378764.97,0.0,0.0,8350.17,33019.98,324481.7,488180.37,0.0,0.0
202501,5673012.47,2469941.67,62232.13,3705721.69,0.0,0.0,9199.15,36429.91,338952.59,519244.8,0.0,0.0
202412,6429873.76,2778266.67,75539.52,4248330.27,0.0,0.0,9616.44,37774.51,361042.81,566693.06,0.0,0.0
202411,5794534.99,2456993.87,68004.61,3526411.66,0.0,0.0,9018.91,34430.29,332501.15,512370.3,0.0,0.0
202410,5712448.02,2476793.69,68590.55,3885790.21,0.0,0.0,10202.17,39646.01,362192.91,563986.63,0.0,0.0
202409,5515140.08,2313327.22,66156.06,3730246.74,0.0,0.0,9978.94,39601.85,344698.46,520250.19,0.0,0.0
202408,5639358.01,2326231.16,67581.13,3621022.67,0.0,0.0,10009.39,39142.87,343924.99,519248.33,0.0,0.0
202407,5392806.29,2338132.97,69657.23,3828950.29,0.0,0.0,10942.8,41504.78,366484.15,546660.21,0.0,0.0
202406,5252176.9,2118312.04,64970.94,3544187.49,0.0,0.0,9642.76,36114.74,327754.93,475278.61,0.0,0.0
202405,5204193.37,2103326.01,69023.19,3482037.72,0.0,0.0,10467.85,40133.55,349180.92,506302.82,0.0,0.0
202404,4900457.64,2062609.18,70647.2,3652606.92,0.0,0.0,11179.22,43295.4,361633.28,524619.69,0.0,0.0
202403,4880450.84,1920981.78,67565.09,3333054.72,0.0,0.0,10122.46,36644.55,336435.46,469047.59,0.0,0.0
202402,4344916.74,1703935.27,65805.91,2981226.89,60.01,109.32,10373.38,37076.26,332269.47,463066.01,61.89,34.21
202607,7975139.94,3800592.19,68602.77,4058803.01,0.0,0.0,6607.51,30011.4,341104.26,577982.13,0.0,0.0
202606,7699815.65,3599270.78,64041.78,4235160.17,0.0,0.0,6693.47,30773.59,340587.57,577082.91,0.0,0.0
202605,7854699.48,3478034.84,65540.9,3828232.89,0.0,0.0,6299.28,28997.49,321873.66,541107.26,0.0,0.0
202604,7370602.06,3421732.27,65272.11,4064285.57,0.0,0.0,6667.11,32464.83,326984.42,552159.56,0.0,0.0
202603,7442903.15,3533664.12,69211.12,4196796.01,0.0,0.0,7367.69,32865.28,346881.81,572564.03,0.0,0.0
202602,6606114.79,2996838.9,63710.34,3342672.09,0.0,0.0,6264.06,26618.21,307053.39,487957.93,0.0,0.0
202601,7021997.69,3170990.34,59302.67,3819653.6,0.0,0.0,7053.84,30801.1,315999.89,511645.82,0.0,0.0
202512,7858999.2,3771628.4,77612.7,4632904.84,0.0,0.0,7934.51,33738.32,360617.75,603920.36,0.0,0.0
202511,7161424.75,3122098.39,61980.91,3565384.27,0.0,0.0,7021.35,29207.65,317968.79,513158.5,0.0,0.0
202510,7262044.71,3315978.67,69508.97,3935395.1,0.0,0.0,8133.43,34584.96,347805.9,570061.34,0.0,0.0
202509,6843677.25,3178872.86,67787.76,3935730.15,0.0,0.0,8401.46,36257.82,349079.13,569213.66,0.0,0.0
202508,6965545.33,3033563.78,64506.6,3700999.64,0.0,0.0,7764.15,34009.59,328959.8,522435.28,0.0,0.0
202507,6671770.9,3055518.75,67192.89,3915166.65,0.0,0.0,8507.87,35797.81,353819.55,564569.38,0.0,0.0
202506,6453692.04,2865951.56,61192.05,3728009.92,0.0,0.0,8217.12,34182.86,338127.37,523439.24,0.0,0.0
202505,6632765.22,2818937.95,64178.98,3799492.18,0.0,0.0,8406.19,35833.8,340006.42,532979.61,0.0,0.0
202504,6267333.46,2673358.43,58891.0,3798026.1,0.0,0.0,8454.24,36327.15,341624.79,539022.34,0.0,0.0
202503,6238231.6,2566965.2,61294.83,3683199.49,0.0,0.0,8808.83,35645.95,340788.0,516117.79,0.0,0.0
202502,5598509.94,2429262.08,61949.09,3378764.97,0.0,0.0,8350.17,33019.98,324481.7,488180.37,0.0,0.0
202501,5673012.47,2469941.67,62232.13,3705721.69,0.0,0.0,9199.15,36429.91,338952.59,519244.8,0.0,0.0
202412,6429873.76,2778266.67,75539.52,4248330.27,0.0,0.0,9616.44,37774.51,361042.81,566693.06,0.0,0.0
202411,5794534.99,2456993.87,68004.61,3526411.66,0.0,0.0,9018.91,34430.29,332501.15,512370.3,0.0,0.0
202410,5712448.02,2476793.69,68590.55,3885790.21,0.0,0.0,10202.17,39646.01,362192.91,563986.63,0.0,0.0
202409,5515140.08,2313327.22,66156.06,3730246.74,0.0,0.0,9978.94,39601.85,344698.46,520250.19,0.0,0.0
202408,5639358.01,2326231.16,67581.13,3621022.67,0.0,0.0,10009.39,39142.87,343924.99,519248.33,0.0,0.0
202407,5392806.29,2338132.97,69657.23,3828950.29,0.0,0.0,10942.8,41504.78,366484.15,546660.21,0.0,0.0
202406,5252176.9,2118312.04,64970.94,3544187.49,0.0,0.0,9642.76,36114.74,327754.93,475278.61,0.0,0.0
202405,5204193.37,2103326.01,69023.19,3482037.72,0.0,0.0,10467.85,40133.55,349180.92,506302.82,0.0,0.0
202404,4900457.64,2062609.18,70647.2,3652606.92,0.0,0.0,11179.22,43295.4,361633.28,524619.69,0.0,0.0
202403,4880450.84,1920981.78,67565.09,3333054.72,0.0,0.0,10122.46,36644.55,336435.46,469047.59,0.0,0.0
202607,7975139.94,3800592.19,68602.77,4058803.01,0.0,0.0,6607.51,30011.4,341104.26,577982.13,0.0,0.0
202606,7699815.65,3599270.78,64041.78,4235160.17,0.0,0.0,6693.47,30773.59,340587.57,577082.91,0.0,0.0
202605,7854699.48,3478034.84,65540.9,3828232.89,0.0,0.0,6299.28,28997.49,321873.66,541107.26,0.0,0.0
202604,7370602.06,3421732.27,65272.11,4064285.57,0.0,0.0,6667.11,32464.83,326984.42,552159.56,0.0,0.0
202603,7442903.15,3533664.12,69211.12,4196796.01,0.0,0.0,7367.69,32865.28,346881.81,572564.03,0.0,0.0
202602,6606114.79,2996838.9,63710.34,3342672.09,0.0,0.0,6264.06,26618.21,307053.39,487957.93,0.0,0.0
202601,7021997.69,3170990.34,59302.67,3819653.6,0.0,0.0,7053.84,30801.1,315999.89,511645.82,0.0,0.0
202512,7858999.2,3771628.4,77612.7,4632904.84,0.0,0.0,7934.51,33738.32,360617.75,603920.36,0.0,0.0
202511,7161424.75,3122098.39,61980.91,3565384.27,0.0,0.0,7021.35,29207.65,317968.79,513158.5,0.0,0.0
202510,7262044.71,3315978.67,69508.97,3935395.1,0.0,0.0,8133.43,34584.96,347805.9,570061.34,0.0,0.0
202509,6843677.25,3178872.86,67787.76,3935730.15,0.0,0.0,8401.46,36257.82,349079.13,569213.66,0.0,0.0
202508,6965545.33,3033563.78,64506.6,3700999.64,0.0,0.0,7764.15,34009.59,328959.8,522435.28,0.0,0.0
202507,6671770.9,3055518.75,67192.89,3915166.65,0.0,0.0,8507.87,35797.81,353819.55,564569.38,0.0,0.0
202506,6453692.04,2865951.56,61192.05,3728009.92,0.0,0.0,8217.12,34182.86,338127.37,523439.24,0.0,0.0
202505,6632765.22,2818937.95,64178.98,3799492.18,0.0,0.0,8406.19,35833.8,340006.42,532979.61,0.0,0.0
202504,6267333.46,2673358.43,58891.0,3798026.1,0.0,0.0,8454.24,36327.15,341624.79,539022.34,0.0,0.0
202503,6238231.6,2566965.2,61294.83,3683199.49,0.0,0.0,8808.83,35645.95,340788.0,516117.79,0.0,0.0
202502,5598509.94,2429262.08,61949.09,3378764.97,0.0,0.0,8350.17,33019.98,324481.7,488180.37,0.0,0.0
202501,5673012.47,2469941.67,62232.13,3705721.69,0.0,0.0,9199.15,36429.91,338952.59,519244.8,0.0,0.0
202412,6429873.76,2778266.67,75539.52,4248330.27,0.0,0.0,9616.44,37774.51,361042.81,566693.06,0.0,0.0
202411,5794534.99,2456993.87,68004.61,3526411.66,0.0,0.0,9018.91,34430.29,332501.15,512370.3,0.0,0.0
202410,5712448.02,2476793.69,68590.55,3885790.21,0.0,0.0,10202.17,39646.01,362192.91,563986.63,0.0,0.0
202409,5515140.08,2313327.22,66156.06,3730246.74,0.0,0.0,9978.94,39601.85,344698.46,520250.19,0.0,0.0
202408,5639358.01,2326231.16,67581.13,3621022.67,0.0,0.0,10009.39,39142.87,343924.99,519248.33,0.0,0.0
202407,5392806.29,2338132.97,69657.23,3828950.29,0.0,0.0,10942.8,41504.78,366484.15,546660.21,0.0,0.0
202406,5252176.9,2118312.04,64970.94,3544187.49,0.0,0.0,9642.76,36114.74,327754.93,475278.61,0.0,0.0
202405,5204193.37,2103326.01,69023.19,3482037.72,0.0,0.0,10467.85,40133.55,349180.92,506302.82,0.0,0.0
202404,4900457.64,2062609.18,70647.2,3652606.92,0.0,0.0,11179.22,43295.4,361633.28,524619.69,0.0,0.0
202607,7975139.94,3800592.19,68602.77,4058803.01,0.0,0.0,6607.51,30011.4,341104.26,577982.13,0.0,0.0
202606,7699815.65,3599270.78,64041.78,4235160.17,0.0,0.0,6693.47,30773.59,340587.57,577082.91,0.0,0.0
202605,7854699.48,3478034.84,65540.9,3828232.89,0.0,0.0,6299.28,28997.49,321873.66,541107.26,0.0,0.0
202604,7370602.06,3421732.27,65272.11,4064285.57,0.0,0.0,6667.11,32464.83,326984.42,552159.56,0.0,0.0
202603,7442903.15,3533664.12,69211.12,4196796.01,0.0,0.0,7367.69,32865.28,346881.81,572564.03,0.0,0.0
202602,6606114.79,2996838.9,63710.34,3342672.09,0.0,0.0,6264.06,26618.21,307053.39,487957.93,0.0,0.0
202601,7021997.69,3170990.34,59302.67,3819653.6,0.0,0.0,7053.84,30801.1,315999.89,511645.82,0.0,0.0
202512,7858999.2,3771628.4,77612.7,4632904.84,0.0,0.0,7934.51,33738.32,360617.75,603920.36,0.0,0.0
202511,7161424.75,3122098.39,61980.91,3565384.27,0.0,0.0,7021.35,29207.65,317968.79,513158.5,0.0,0.0
202510,7262044.71,3315978.67,69508.97,3935395.1,0.0,0.0,8133.43,34584.96,347805.9,570061.34,0.0,0.0
202509,6843677.25,3178872.86,67787.76,3935730.15,0.0,0.0,8401.46,36257.82,349079.13,569213.66,0.0,0.0
202508,6965545.33,3033563.78,64506.6,3700999.64,0.0,0.0,7764.15,34009.59,328959.8,522435.28,0.0,0.0
202507,6671770.9,3055518.75,67192.89,3915166.65,0.0,0.0,8507.87,35797.81,353819.55,564569.38,0.0,0.0
202506,6453692.04,2865951.56,61192.05,3728009.92,0.0,0.0,8217.12,34182.86,338127.37,523439.24,0.0,0.0
202505,6632765.22,2818937.95,64178.98,3799492.18,0.0,0.0,8406.19,35833.8,340006.42,532979.61,0.0,0.0
202504,6267333.46,2673358.43,58891.0,3798026.1,0.0,0.0,8454.24,36327.15,341624.79,539022.34,0.0,0.0
202503,6238231.6,2566965.2,61294.83,3683199.49,0.0,0.0,8808.83,35645.95,340788.0,516117.79,0.0,0.0
202502,5598509.94,2429262.08,61949.09,3378764.97,0.0,0.0,8350.17,33019.98,324481.7,488180.37,0.0,0.0
202501,5673012.47,2469941.67,62232.13,3705721.69,0.0,0.0,9199.15,36429.91,338952.59,519244.8,0.0,0.0
202412,6429873.76,2778266.67,75539.52,4248330.27,0.0,0.0,9616.44,37774.51,361042.81,566693.06,0.0,0.0
202411,5794534.99,2456993.87,68004.61,3526411.66,0.0,0.0,9018.91,34430.29,332501.15,512370.3,0.0,0.0
202410,5712448.02,2476793.69,68590.55,3885790.21,0.0,0.0,10202.17,39646.01,362192.91,563986.63,0.0,0.0
202409,5515140.08,2313327.22,66156.06,3730246.74,0.0,0.0,9978.94,39601.85,344698.46,520250.19,0.0,0.0
202408,5639358.01,2326231.16,67581.13,3621022.67,0.0,0.0,10009.39,39142.87,343924.99,519248.33,0.0,0.0
202407,5392806.29,2338132.97,69657.23,3828950.29,0.0,0.0,10942.8,41504.78,366484.15,546660.21,0.0,0.0
202406,5252176.9,2118312.04,64970.94,3544187.49,0.0,0.0,9642.76,36114.74,327754.93,475278.61,0.0,0.0
202405,5204193.37,2103326.01,69023.19,3482037.72,0.0,0.0,10467.85,40133.55,349180.92,506302.82,0.0,0.0
202607,7975139.94,3800592.19,68602.77,4058803.01,0.0,0.0,6607.51,30011.4,341104.26,577982.13,0.0,0.0
202606,7699815.65,3599270.78,64041.78,4235160.17,0.0,0.0,6693.47,30773.59,340587.57,577082.91,0.0,0.0
202605,7854699.48,3478034.84,65540.9,3828232.89,0.0,0.0,6299.28,28997.49,321873.66,541107.26,0.0,0.0
202604,7370602.06,3421732.27,65272.11,4064285.57,0.0,0.0,6667.11,32464.83,326984.42,552159.56,0.0,0.0
202603,7442903.15,3533664.12,69211.12,4196796.01,0.0,0.0,7367.69,32865.28,346881.81,572564.03,0.0,0.0
202602,6606114.79,2996838.9,63710.34,3342672.09,0.0,0.0,6264.06,26618.21,307053.39,487957.93,0.0,0.0
202601,7021997.69,3170990.34,59302.67,3819653.6,0.0,0.0,7053.84,30801.1,315999.89,511645.82,0.0,0.0
202512,7858999.2,3771628.4,77612.7,4632904.84,0.0,0.0,7934.51,33738.32,360617.75,603920.36,0.0,0.0
202511,7161424.75,3122098.39,61980.91,3565384.27,0.0,0.0,7021.35,29207.65,317968.79,513158.5,0.0,0.0
202510,7262044.71,3315978.67,69508.97,3935395.1,0.0,0.0,8133.43,34584.96,347805.9,570061.34,0.0,0.0
202509,6843677.25,3178872.86,67787.76,3935730.15,0.0,0.0,8401.46,36257.82,349079.13,569213.66,0.0,0.0
202508,6965545.33,3033563.78,64506.6,3700999.64,0.0,0.0,7764.15,34009.59,328959.8,522435.28,0.0,0.0
202507,6671770.9,3055518.75,67192.89,3915166.65,0.0,0.0,8507.87,35797.81,353819.55,564569.38,0.0,0.0
202506,6453692.04,2865951.56,61192.05,3728009.92,0.0,0.0,8217.12,34182.86,338127.37,523439.24,0.0,0.0
202505,6632765.22,2818937.95,64178.98,3799492.18,0.0,0.0,8406.19,35833.8,340006.42,532979.61,0.0,0.0
202504,6267333.46,2673358.43,58891.0,3798026.1,0.0,0.0,8454.24,36327.15,341624.79,539022.34,0.0,0.0
202503,6238231.6,2566965.2,61294.83,3683199.49,0.0,0.0,8808.83,35645.95,340788.0,516117.79,0.0,0.0
202502,5598509.94,2429262.08,61949.09,3378764.97,0.0,0.0,8350.17,33019.98,324481.7,488180.37,0.0,0.0
202501,5673012.47,2469941.67,62232.13,3705721.69,0.0,0.0,9199.15,36429.91,338952.59,519244.8,0.0,0.0
202412,6429873.76,2778266.67,75539.52,4248330.27,0.0,0.0,9616.44,37774.51,361042.81,566693.06,0.0,0.0
202411,5794534.99,2456993.87,68004.61,3526411.66,0.0,0.0,9018.91,34430.29,332501.15,512370.3,0.0,0.0
202410,5712448.02,2476793.69,68590.55,3885790.21,0.0,0.0,10202.17,39646.01,362192.91,563986.63,0.0,0.0
202409,5515140.08,2313327.22,66156.06,3730246.74,0.0,0.0,9978.94,39601.85,344698.46,520250.19,0.0,0.0
202408,5639358.01,2326231.16,67581.13,3621022.67,0.0,0.0,10009.39,39142.87,343924.99,519248.33,0.0,0.0
202407,5392806.29,2338132.97,69657.23,3828950.29,0.0,0.0,10942.8,41504.78,366484.15,546660.21,0.0,0.0
202406,5252176.9,2118312.04,64970.94,3544187.49,0.0,0.0,9642.76,36114.74,327754.93,475278.61,0.0,0.0
202607,7975139.94,3800592.19,68602.77,4058803.01,0.0,0.0,6607.51,30011.4,341104.26,577982.13,0.0,0.0
202606,7699815.65,3599270.78,64041.78,4235160.17,0.0,0.0,6693.47,30773.59,340587.57,577082.91,0.0,0.0
202605,7854699.48,3478034.84,65540.9,3828232.89,0.0,0.0,6299.28,28997.49,321873.66,541107.26,0.0,0.0
202604,7370602.06,3421732.27,65272.11,4064285.57,0.0,0.0,6667.11,32464.83,326984.42,552159.56,0.0,0.0
202603,7442903.15,3533664.12,69211.12,4196796.01,0.0,0.0,7367.69,32865.28,346881.81,572564.03,0.0,0.0
202602,6606114.79,2996838.9,63710.34,3342672.09,0.0,0.0,6264.06,26618.21,307053.39,487957.93,0.0,0.0
202601,7021997.69,3170990.34,59302.67,3819653.6,0.0,0.0,7053.84,30801.1,315999.89,511645.82,0.0,0.0
202512,7858999.2,3771628.4,77612.7,4632904.84,0.0,0.0,7934.51,33738.32,360617.75,603920.36,0.0,0.0
202511,7161424.75,3122098.39,61980.91,3565384.27,0.0,0.0,7021.35,29207.65,317968.79,513158.5,0.0,0.0
202510,7262044.71,3315978.67,69508.97,3935395.1,0.0,0.0,8133.43,34584.96,347805.9,570061.34,0.0,0.0
202509,6843677.25,3178872.86,67787.76,3935730.15,0.0,0.0,8401.46,36257.82,349079.13,569213.66,0.0,0.0
202508,6965545.33,3033563.78,64506.6,3700999.64,0.0,0.0,7764.15,34009.59,328959.8,522435.28,0.0,0.0
202507,6671770.9,3055518.75,67192.89,3915166.65,0.0,0.0,8507.87,35797.81,353819.55,564569.38,0.0,0.0
202506,6453692.04,2865951.56,61192.05,3728009.92,0.0,0.0,8217.12,34182.86,338127.37,523439.24,0.0,0.0
202505,6632765.22,2818937.95,64178.98,3799492.18,0.0,0.0,8406.19,35833.8,340006.42,532979.61,0.0,0.0
202504,6267333.46,2673358.43,58891.0,3798026.1,0.0,0.0,8454.24,36327.15,341624.79,539022.34,0.0,0.0
202503,6238231.6,2566965.2,61294.83,3683199.49,0.0,0.0,8808.83,35645.95,340788.0,516117.79,0.0,0.0
202502,5598509.94,2429262.08,61949.09,3378764.97,0.0,0.0,8350.17,33019.98,324481.7,488180.37,0.0,0.0
202501,5673012.47,2469941.67,62232.13,3705721.69,0.0,0.0,9199.15,36429.91,338952.59,519244.8,0.0,0.0
202412,6429873.76,2778266.67,75539.52,4248330.27,0.0,0.0,9616.44,37774.51,361042.81,566693.06,0.0,0.0
202411,5794534.99,2456993.87,68004.61,3526411.66,0.0,0.0,9018.91,34430.29,332501.15,512370.3,0.0,0.0
202410,5712448.02,2476793.69,68590.55,3885790.21,0.0,0.0,10202.17,39646.01,362192.91,563986.63,0.0,0.0
202409,5515140.08,2313327.22,66156.06,3730246.74,0.0,0.0,9978.94,39601.85,344698.46,520250.19,0.0,0.0
202408,5639358.01,2326231.16,67581.13,3621022.67,0.0,0.0,10009.39,39142.87,343924.99,519248.33,0.0,0.0
202407,5392806.29,2338132.97,69657.23,3828950.29,0.0,0.0,10942.8,41504.78,366484.15,546660.21,0.0,0.0
202607,7975139.94,3800592.19,68602.77,4058803.01,0.0,0.0,6607.51,30011.4,341104.26,577982.13,0.0,0.0
202606,7699815.65,3599270.78,64041.78,4235160.17,0.0,0.0,6693.47,30773.59,340587.57,577082.91,0.0,0.0
202605,7854699.48,3478034.84,65540.9,3828232.89,0.0,0.0,6299.28,28997.49,321873.66,541107.26,0.0,0.0
202604,7370602.06,3421732.27,65272.11,4064285.57,0.0,0.0,6667.11,32464.83,326984.42,552159.56,0.0,0.0
202603,7442903.15,3533664.12,69211.12,4196796.01,0.0,0.0,7367.69,32865.28,346881.81,572564.03,0.0,0.0
202602,6606114.79,2996838.9,63710.34,3342672.09,0.0,0.0,6264.06,26618.21,307053.39,487957.93,0.0,0.0
202601,7021997.69,3170990.34,59302.67,3819653.6,0.0,0.0,7053.84,30801.1,315999.89,511645.82,0.0,0.0
202512,7858999.2,3771628.4,77612.7,4632904.84,0.0,0.0,7934.51,33738.32,360617.75,603920.36,0.0,0.0
202511,7161424.75,3122098.39,61980.91,3565384.27,0.0,0.0,7021.35,29207.65,317968.79,513158.5,0.0,0.0
202510,7262044.71,3315978.67,69508.97,3935395.1,0.0,0.0,8133.43,34584.96,347805.9,570061.34,0.0,0.0
202509,6843677.25,3178872.86,67787.76,3935730.15,0.0,0.0,8401.46,36257.82,349079.13,569213.66,0.0,0.0
202508,6965545.33,3033563.78,64506.6,3700999.64,0.0,0.0,7764.15,34009.59,328959.8,522435.28,0.0,0.0
202507,6671770.9,3055518.75,67192.89,3915166.65,0.0,0.0,8507.87,35797.81,353819.55,564569.38,0.0,0.0
202506,6453692.04,2865951.56,61192.05,3728009.92,0.0,0.0,8217.12,34182.86,338127.37,523439.24,0.0,0.0
202505,6632765.22,2818937.95,64178.98,3799492.18,0.0,0.0,8406.19,35833.8,340006.42,532979.61,0.0,0.0
202504,6267333.46,2673358.43,58891.0,3798026.1,0.0,0.0,8454.24,36327.15,341624.79,539022.34,0.0,0.0
202503,6238231.6,2566965.2,61294.83,3683199.49,0.0,0.0,8808.83,35645.95,340788.0,516117.79,0.0,0.0
202502,5598509.94,2429262.08,61949.09,3378764.97,0.0,0.0,8350.17,33019.98,324481.7,488180.37,0.0,0.0
202501,5673012.47,2469941.67,62232.13,3705721.69,0.0,0.0,9199.15,36429.91,338952.59,519244.8,0.0,0.0
202412,6429873.76,2778266.67,75539.52,4248330.27,0.0,0.0,9616.44,37774.51,361042.81,566693.06,0.0,0.0
202411,5794534.99,2456993.87,68004.61,3526411.66,0.0,0.0,9018.91,34430.29,332501.15,512370.3,0.0,0.0
202410,5712448.02,2476793.69,68590.55,3885790.21,0.0,0.0,10202.17,39646.01,362192.91,563986.63,0.0,0.0
202409,5515140.08,2313327.22,66156.06,3730246.74,0.0,0.0,9978.94,39601.85,344698.46,520250.19,0.0,0.0
202408,5639358.01,2326231.16,67581.13,3621022.67,0.0,0.0,10009.39,39142.87,343924.99,519248.33,0.0,0.0
202607,7975139.94,3800592.19,68602.77,4058803.01,0.0,0.0,6607.51,30011.4,341104.26,577982.13,0.0,0.0
202606,7699815.65,3599270.78,64041.78,4235160.17,0.0,0.0,6693.47,30773.59,340587.57,577082.91,0.0,0.0
202605,7854699.48,3478034.84,65540.9,3828232.89,0.0,0.0,6299.28,28997.49,321873.66,541107.26,0.0,0.0
202604,7370602.06,3421732.27,65272.11,4064285.57,0.0,0.0,6667.11,32464.83,326984.42,552159.56,0.0,0.0
202603,7442903.15,3533664.12,69211.12,4196796.01,0.0,0.0,7367.69,32865.28,346881.81,572564.03,0.0,0.0
202602,6606114.79,2996838.9,63710.34,3342672.09,0.0,0.0,6264.06,26618.21,307053.39,487957.93,0.0,0.0
202601,7021997.69,3170990.34,59302.67,3819653.6,0.0,0.0,7053.84,30801.1,315999.89,511645.82,0.0,0.0
202512,7858999.2,3771628.4,77612.7,4632904.84,0.0,0.0,7934.51,33738.32,360617.75,603920.36,0.0,0.0
202511,7161424.75,3122098.39,61980.91,3565384.27,0.0,0.0,7021.35,29207.65,317968.79,513158.5,0.0,0.0
202510,7262044.71,3315978.67,69508.97,3935395.1,0.0,0.0,8133.43,34584.96,347805.9,570061.34,0.0,0.0
202509,6843677.25,3178872.86,67787.76,3935730.15,0.0,0.0,8401.46,36257.82,349079.13,569213.66,0.0,0.0
202508,6965545.33,3033563.78,64506.6,3700999.64,0.0,0.0,7764.15,34009.59,328959.8,522435.28,0.0,0.0
202507,6671770.9,3055518.75,67192.89,3915166.65,0.0,0.0,8507.87,35797.81,353819.55,564569.38,0.0,0.0
202506,6453692.04,2865951.56,61192.05,3728009.92,0.0,0.0,8217.12,34182.86,338127.37,523439.24,0.0,0.0
202505,6632765.22,2818937.95,64178.98,3799492.18,0.0,0.0,8406.19,35833.8,340006.42,532979.61,0.0,0.0
202504,6267333.46,2673358.43,58891.0,3798026.1,0.0,0.0,8454.24,36327.15,341624.79,539022.34,0.0,0.0
202503,6238231.6,2566965.2,61294.83,3683199.49,0.0,0.0,8808.83,35645.95,340788.0,516117.79,0.0,0.0
202502,5598509.94,2429262.08,61949.09,3378764.97,0.0,0.0,8350.17,33019.98,324481.7,488180.37,0.0,0.0
202501,5673012.47,2469941.67,62232.13,3705721.69,0.0,0.0,9199.15,36429.91,338952.59,519244.8,0.0,0.0
202412,6429873.76,2778266.67,75539.52,4248330.27,0.0,0.0,9616.44,37774.51,361042.81,566693.06,0.0,0.0
202411,5794534.99,2456993.87,68004.61,3526411.66,0.0,0.0,9018.91,34430.29,332501.15,512370.3,0.0,0.0
202410,5712448.02,2476793.69,68590.55,3885790.21,0.0,0.0,10202.17,39646.01,362192.91,563986.63,0.0,0.0
202409,5515140.08,2313327.22,66156.06,3730246.74,0.0,0.0,9978.94,39601.85,344698.46,520250.19,0.0,0.0
202607,7975139.94,3800592.19,68602.77,4058803.01,0.0,0.0,6607.51,30011.4,341104.26,577982.13,0.0,0.0
202606,7699815.65,3599270.78,64041.78,4235160.17,0.0,0.0,6693.47,30773.59,340587.57,577082.91,0.0,0.0
202605,7854699.48,3478034.84,65540.9,3828232.89,0.0,0.0,6299.28,28997.49,321873.66,541107.26,0.0,0.0
202604,7370602.06,3421732.27,65272.11,4064285.57,0.0,0.0,6667.11,32464.83,326984.42,552159.56,0.0,0.0
202603,7442903.15,3533664.12,69211.12,4196796.01,0.0,0.0,7367.69,32865.28,346881.81,572564.03,0.0,0.0
202602,6606114.79,2996838.9,63710.34,3342672.09,0.0,0.0,6264.06,26618.21,307053.39,487957.93,0.0,0.0
202601,7021997.69,3170990.34,59302.67,3819653.6,0.0,0.0,7053.84,30801.1,315999.89,511645.82,0.0,0.0
202512,7858999.2,3771628.4,77612.7,4632904.84,0.0,0.0,7934.51,33738.32,360617.75,603920.36,0.0,0.0
202511,7161424.75,3122098.39,61980.91,3565384.27,0.0,0.0,7021.35,29207.65,317968.79,513158.5,0.0,0.0
202510,7262044.71,3315978.67,69508.97,3935395.1,0.0,0.0,8133.43,34584.96,347805.9,570061.34,0.0,0.0
202509,6843677.25,3178872.86,67787.76,3935730.15,0.0,0.0,8401.46,36257.82,349079.13,569213.66,0.0,0.0
202508,6965545.33,3033563.78,64506.6,3700999.64,0.0,0.0,7764.15,34009.59,328959.8,522435.28,0.0,0.0
202507,6671770.9,3055518.75,67192.89,3915166.65,0.0,0.0,8507.87,35797.81,353819.55,564569.38,0.0,0.0
202506,6453692.04,2865951.56,61192.05,3728009.92,0.0,0.0,8217.12,34182.86,338127.37,523439.24,0.0,0.0
202505,6632765.22,2818937.95,64178.98,3799492.18,0.0,0.0,8406.19,35833.8,340006.42,532979.61,0.0,0.0
202504,6267333.46,2673358.43,58891.0,3798026.1,0.0,0.0,8454.24,36327.15,341624.79,539022.34,0.0,0.0
202503,6238231.6,2566965.2,61294.83,3683199.49,0.0,0.0,8808.83,35645.95,340788.0,516117.79,0.0,0.0
202502,5598509.94,2429262.08,61949.09,3378764.97,0.0,0.0,8350.17,33019.98,324481.7,488180.37,0.0,0.0
202501,5673012.47,2469941.67,62232.13,3705721.69,0.0,0.0,9199.15,36429.91,338952.59,519244.8,0.0,0.0
202412,6429873.76,2778266.67,75539.52,4248330.27,0.0,0.0,9616.44,37774.51,361042.81,566693.06,0.0,0.0
202411,5794534.99,2456993.87,68004.61,3526411.66,0.0,0.0,9018.91,34430.29,332501.15,512370.3,0.0,0.0
202410,5712448.02,2476793.69,68590.55,3885790.21,0.0,0.0,10202.17,39646.01,362192.91,563986.63,0.0,0.0
202607,7975139.94,3800592.19,68602.77,4058803.01,0.0,0.0,6607.51,30011.4,341104.26,577982.13,0.0,0.0
202606,7699815.65,3599270.78,64041.78,4235160.17,0.0,0.0,6693.47,30773.59,340587.57,577082.91,0.0,0.0
202605,7854699.48,3478034.84,65540.9,3828232.89,0.0,0.0,6299.28,28997.49,321873.66,541107.26,0.0,0.0
202604,7370602.06,3421732.27,65272.11,4064285.57,0.0,0.0,6667.11,32464.83,326984.42,552159.56,0.0,0.0
202603,7442903.15,3533664.12,69211.12,4196796.01,0.0,0.0,7367.69,32865.28,346881.81,572564.03,0.0,0.0
202602,6606114.79,2996838.9,63710.34,3342672.09,0.0,0.0,6264.06,26618.21,307053.39,487957.93,0.0,0.0
202601,7021997.69,3170990.34,59302.67,3819653.6,0.0,0.0,7053.84,30801.1,315999.89,511645.82,0.0,0.0
202512,7858999.2,3771628.4,77612.7,4632904.84,0.0,0.0,7934.51,33738.32,360617.75,603920.36,0.0,0.0
202511,7161424.75,3122098.39,61980.91,3565384.27,0.0,0.0,7021.35,29207.65,317968.79,513158.5,0.0,0.0
202510,7262044.71,3315978.67,69508.97,3935395.1,0.0,0.0,8133.43,34584.96,347805.9,570061.34,0.0,0.0
202509,6843677.25,3178872.86,67787.76,3935730.15,0.0,0.0,8401.46,36257.82,349079.13,569213.66,0.0,0.0
202508,6965545.33,3033563.78,64506.6,3700999.64,0.0,0.0,7764.15,34009.59,328959.8,522435.28,0.0,0.0
202507,6671770.9,3055518.75,67192.89,3915166.65,0.0,0.0,8507.87,35797.81,353819.55,564569.38,0.0,0.0
202506,6453692.04,2865951.56,61192.05,3728009.92,0.0,0.0,8217.12,34182.86,338127.37,523439.24,0.0,0.0
202505,6632765.22,2818937.95,64178.98,3799492.18,0.0,0.0,8406.19,35833.8,340006.42,532979.61,0.0,0.0
202504,6267333.46,2673358.43,58891.0,3798026.1,0.0,0.0,8454.24,36327.15,341624.79,539022.34,0.0,0.0
202503,6238231.6,2566965.2,61294.83,3683199.49,0.0,0.0,8808.83,35645.95,340788.0,516117.79,0.0,0.0
202502,5598509.94,2429262.08,61949.09,3378764.97,0.0,0.0,8350.17,33019.98,324481.7,488180.37,0.0,0.0
202501,5673012.47,2469941.67,62232.13,3705721.69,0.0,0.0,9199.15,36429.91,338952.59,519244.8,0.0,0.0
202412,6429873.76,2778266.67,75539.52,4248330.27,0.0,0.0,9616.44,37774.51,361042.81,566693.06,0.0,0.0
202411,5794534.99,2456993.87,68004.61,3526411.66,0.0,0.0,9018.91,34430.29,332501.15,512370.3,0.0,0.0
202607,7975139.94,3800592.19,68602.77,4058803.01,0.0,0.0,6607.51,30011.4,341104.26,577982.13,0.0,0.0
202606,7699815.65,3599270.78,64041.78,4235160.17,0.0,0.0,6693.47,30773.59,340587.57,577082.91,0.0,0.0
202605,7854699.48,3478034.84,65540.9,3828232.89,0.0,0.0,6299.28,28997.49,321873.66,541107.26,0.0,0.0
202604,7370602.06,3421732.27,65272.11,4064285.57,0.0,0.0,6667.11,32464.83,326984.42,552159.56,0.0,0.0
202603,7442903.15,3533664.12,69211.12,4196796.01,0.0,0.0,7367.69,32865.28,346881.81,572564.03,0.0,0.0
202602,6606114.79,2996838.9,63710.34,3342672.09,0.0,0.0,6264.06,26618.21,307053.39,487957.93,0.0,0.0
202601,7021997.69,3170990.34,59302.67,3819653.6,0.0,0.0,7053.84,30801.1,315999.89,511645.82,0.0,0.0
202512,7858999.2,3771628.4,77612.7,4632904.84,0.0,0.0,7934.51,33738.32,360617.75,603920.36,0.0,0.0
202511,7161424.75,3122098.39,61980.91,3565384.27,0.0,0.0,7021.35,29207.65,317968.79,513158.5,0.0,0.0
202510,7262044.71,3315978.67,69508.97,3935395.1,0.0,0.0,8133.43,34584.96,347805.9,570061.34,0.0,0.0
202509,6843677.25,3178872.86,67787.76,3935730.15,0.0,0.0,8401.46,36257.82,349079.13,569213.66,0.0,0.0
202508,6965545.33,3033563.78,64506.6,3700999.64,0.0,0.0,7764.15,34009.59,328959.8,522435.28,0.0,0.0
202507,6671770.9,3055518.75,67192.89,3915166.65,0.0,0.0,8507.87,35797.81,353819.55,564569.38,0.0,0.0
202506,6453692.04,2865951.56,61192.05,3728009.92,0.0,0.0,8217.12,34182.86,338127.37,523439.24,0.0,0.0
202505,6632765.22,2818937.95,64178.98,3799492.18,0.0,0.0,8406.19,35833.8,340006.42,532979.61,0.0,0.0
202504,6267333.46,2673358.43,58891.0,3798026.1,0.0,0.0,8454.24,36327.15,341624.79,539022.34,0.0,0.0
202503,6238231.6,2566965.2,61294.83,3683199.49,0.0,0.0,8808.83,35645.95,340788.0,516117.79,0.0,0.0
202502,5598509.94,2429262.08,61949.09,3378764.97,0.0,0.0,8350.17,33019.98,324481.7,488180.37,0.0,0.0
202501,5673012.47,2469941.67,62232.13,3705721.69,0.0,0.0,9199.15,36429.91,338952.59,519244.8,0.0,0.0
202412,6429873.76,2778266.67,75539.52,4248330.27,0.0,0.0,9616.44,37774.51,361042.81,566693.06,0.0,0.0
202607,7975139.94,3800592.19,68602.77,4058803.01,0.0,0.0,6607.51,30011.4,341104.26,577982.13,0.0,0.0
202606,7699815.65,3599270.78,64041.78,4235160.17,0.0,0.0,6693.47,30773.59,340587.57,577082.91,0.0,0.0
202605,7854699.48,3478034.84,65540.9,3828232.89,0.0,0.0,6299.28,28997.49,321873.66,541107.26,0.0,0.0
202604,7370602.06,3421732.27,65272.11,4064285.57,0.0,0.0,6667.11,32464.83,326984.42,552159.56,0.0,0.0
202603,7442903.15,3533664.12,69211.12,4196796.01,0.0,0.0,7367.69,32865.28,346881.81,572564.03,0.0,0.0
202602,6606114.79,2996838.9,63710.34,3342672.09,0.0,0.0,6264.06,26618.21,307053.39,487957.93,0.0,0.0
202601,7021997.69,3170990.34,59302.67,3819653.6,0.0,0.0,7053.84,30801.1,315999.89,511645.82,0.0,0.0
202512,7858999.2,3771628.4,77612.7,4632904.84,0.0,0.0,7934.51,33738.32,360617.75,603920.36,0.0,0.0
202511,7161424.75,3122098.39,61980.91,3565384.27,0.0,0.0,7021.35,29207.65,317968.79,513158.5,0.0,0.0
202510,7262044.71,3315978.67,69508.97,3935395.1,0.0,0.0,8133.43,34584.96,347805.9,570061.34,0.0,0.0
202509,6843677.25,3178872.86,67787.76,3935730.15,0.0,0.0,8401.46,36257.82,349079.13,569213.66,0.0,0.0
202508,6965545.33,3033563.78,64506.6,3700999.64,0.0,0.0,7764.15,34009.59,328959.8,522435.28,0.0,0.0
202507,6671770.9,3055518.75,67192.89,3915166.65,0.0,0.0,8507.87,35797.81,353819.55,564569.38,0.0,0.0
202506,6453692.04,2865951.56,61192.05,3728009.92,0.0,0.0,8217.12,34182.86,338127.37,523439.24,0.0,0.0
202505,6632765.22,2818937.95,64178.98,3799492.18,0.0,0.0,8406.19,35833.8,340006.42,532979.61,0.0,0.0
202504,6267333.46,2673358.43,58891.0,3798026.1,0.0,0.0,8454.24,36327.15,341624.79,539022.34,0.0,0.0
202503,6238231.6,2566965.2,61294.83,3683199.49,0.0,0.0,8808.83,35645.95,340788.0,516117.79,0.0,0.0
202502,5598509.94,2429262.08,61949.09,3378764.97,0.0,0.0,8350.17,33019.98,324481.7,488180.37,0.0,0.0
202501,5673012.47,2469941.67,62232.13,3705721.69,0.0,0.0,9199.15,36429.91,338952.59,519244.8,0.0,0.0
202607,7975139.94,3800592.19,68602.77,4058803.01,0.0,0.0,6607.51,30011.4,341104.26,577982.13,0.0,0.0
202606,7699815.65,3599270.78,64041.78,4235160.17,0.0,0.0,6693.47,30773.59,340587.57,577082.91,0.0,0.0
202605,7854699.48,3478034.84,65540.9,3828232.89,0.0,0.0,6299.28,28997.49,321873.66,541107.26,0.0,0.0
202604,7370602.06,3421732.27,65272.11,4064285.57,0.0,0.0,6667.11,32464.83,326984.42,552159.56,0.0,0.0
202603,7442903.15,3533664.12,69211.12,4196796.01,0.0,0.0,7367.69,32865.28,346881.81,572564.03,0.0,0.0
202602,6606114.79,2996838.9,63710.34,3342672.09,0.0,0.0,6264.06,26618.21,307053.39,487957.93,0.0,0.0
202601,7021997.69,3170990.34,59302.67,3819653.6,0.0,0.0,7053.84,30801.1,315999.89,511645.82,0.0,0.0
202512,7858999.2,3771628.4,77612.7,4632904.84,0.0,0.0,7934.51,33738.32,360617.75,603920.36,0.0,0.0
202511,7161424.75,3122098.39,61980.91,3565384.27,0.0,0.0,7021.35,29207.65,317968.79,513158.5,0.0,0.0
202510,7262044.71,3315978.67,69508.97,3935395.1,0.0,0.0,8133.43,34584.96,347805.9,570061.34,0.0,0.0
202509,6843677.25,3178872.86,67787.76,3935730.15,0.0,0.0,8401.46,36257.82,349079.13,569213.66,0.0,0.0
202508,6965545.33,3033563.78,64506.6,3700999.64,0.0,0.0,7764.15,34009.59,328959.8,522435.28,0.0,0.0
202507,6671770.9,3055518.75,67192.89,3915166.65,0.0,0.0,8507.87,35797.81,353819.55,564569.38,0.0,0.0
202506,6453692.04,2865951.56,61192.05,3728009.92,0.0,0.0,8217.12,34182.86,338127.37,523439.24,0.0,0.0
202505,6632765.22,2818937.95,64178.98,3799492.18,0.0,0.0,8406.19,35833.8,340006.42,532979.61,0.0,0.0
202504,6267333.46,2673358.43,58891.0,3798026.1,0.0,0.0,8454.24,36327.15,341624.79,539022.34,0.0,0.0
202503,6238231.6,2566965.2,61294.83,3683199.49,0.0,0.0,8808.83,35645.95,340788.0,516117.79,0.0,0.0
202502,5598509.94,2429262.08,61949.09,3378764.97,0.0,0.0,8350.17,33019.98,324481.7,488180.37,0.0,0.0
202607,7975139.94,3800592.19,68602.77,4058803.01,0.0,0.0,6607.51,30011.4,341104.26,577982.13,0.0,0.0
202606,7699815.65,3599270.78,64041.78,4235160.17,0.0,0.0,6693.47,30773.59,340587.57,577082.91,0.0,0.0
202605,7854699.48,3478034.84,65540.9,3828232.89,0.0,0.0,6299.28,28997.49,321873.66,541107.26,0.0,0.0
202604,7370602.06,3421732.27,65272.11,4064285.57,0.0,0.0,6667.11,32464.83,326984.42,552159.56,0.0,0.0
202603,7442903.15,3533664.12,69211.12,4196796.01,0.0,0.0,7367.69,32865.28,346881.81,572564.03,0.0,0.0
202602,6606114.79,2996838.9,63710.34,3342672.09,0.0,0.0,6264.06,26618.21,307053.39,487957.93,0.0,0.0
202601,7021997.69,3170990.34,59302.67,3819653.6,0.0,0.0,7053.84,30801.1,315999.89,511645.82,0.0,0.0
202512,7858999.2,3771628.4,77612.7,4632904.84,0.0,0.0,7934.51,33738.32,360617.75,603920.36,0.0,0.0
202511,7161424.75,3122098.39,61980.91,3565384.27,0.0,0.0,7021.35,29207.65,317968.79,513158.5,0.0,0.0
202510,7262044.71,3315978.67,69508.97,3935395.1,0.0,0.0,8133.43,34584.96,347805.9,570061.34,0.0,0.0
202509,6843677.25,3178872.86,67787.76,3935730.15,0.0,0.0,8401.46,36257.82,349079.13,569213.66,0.0,0.0
202508,6965545.33,3033563.78,64506.6,3700999.64,0.0,0.0,7764.15,34009.59,328959.8,522435.28,0.0,0.0
202507,6671770.9,3055518.75,67192.89,3915166.65,0.0,0.0,8507.87,35797.81,353819.55,564569.38,0.0,0.0
202506,6453692.04,2865951.56,61192.05,3728009.92,0.0,0.0,8217.12,34182.86,338127.37,523439.24,0.0,0.0
202505,6632765.22,2818937.95,64178.98,3799492.18,0.0,0.0,8406.19,35833.8,340006.42,532979.61,0.0,0.0
202504,6267333.46,2673358.43,58891.0,3798026.1,0.0,0.0,8454.24,36327.15,341624.79,539022.34,0.0,0.0
202503,6238231.6,2566965.2,61294.83,3683199.49,0.0,0.0,8808.83,35645.95,340788.0,516117.79,0.0,0.0
202607,7975139.94,3800592.19,68602.77,4058803.01,0.0,0.0,6607.51,30011.4,341104.26,577982.13,0.0,0.0
202606,7699815.65,3599270.78,64041.78,4235160.17,0.0,0.0,6693.47,30773.59,340587.57,577082.91,0.0,0.0
202605,7854699.48,3478034.84,65540.9,3828232.89,0.0,0.0,6299.28,28997.49,321873.66,541107.26,0.0,0.0
202604,7370602.06,3421732.27,65272.11,4064285.57,0.0,0.0,6667.11,32464.83,326984.42,552159.56,0.0,0.0
202603,7442903.15,3533664.12,69211.12,4196796.01,0.0,0.0,7367.69,32865.28,346881.81,572564.03,0.0,0.0
202602,6606114.79,2996838.9,63710.34,3342672.09,0.0,0.0,6264.06,26618.21,307053.39,487957.93,0.0,0.0
202601,7021997.69,3170990.34,59302.67,3819653.6,0.0,0.0,7053.84,30801.1,315999.89,511645.82,0.0,0.0
202512,7858999.2,3771628.4,77612.7,4632904.84,0.0,0.0,7934.51,33738.32,360617.75,603920.36,0.0,0.0
202511,7161424.75,3122098.39,61980.91,3565384.27,0.0,0.0,7021.35,29207.65,317968.79,513158.5,0.0,0.0
202510,7262044.71,3315978.67,69508.97,3935395.1,0.0,0.0,8133.43,34584.96,347805.9,570061.34,0.0,0.0
202509,6843677.25,3178872.86,67787.76,3935730.15,0.0,0.0,8401.46,36257.82,349079.13,569213.66,0.0,0.0
202508,6965545.33,3033563.78,64506.6,3700999.64,0.0,0.0,7764.15,34009.59,328959.8,522435.28,0.0,0.0
202507,6671770.9,3055518.75,67192.89,3915166.65,0.0,0.0,8507.87,35797.81,353819.55,564569.38,0.0,0.0
202506,6453692.04,2865951.56,61192.05,3728009.92,0.0,0.0,8217.12,34182.86,338127.37,523439.24,0.0,0.0
202505,6632765.22,2818937.95,64178.98,3799492.18,0.0,0.0,8406.19,35833.8,340006.42,532979.61,0.0,0.0
202504,6267333.46,2673358.43,58891.0,3798026.1,0.0,0.0,8454.24,36327.15,341624.79,539022.34,0.0,0.0
202607,7975139.94,3800592.19,68602.77,4058803.01,0.0,0.0,6607.51,30011.4,341104.26,577982.13,0.0,0.0
202606,7699815.65,3599270.78,64041.78,4235160.17,0.0,0.0,6693.47,30773.59,340587.57,577082.91,0.0,0.0
202605,7854699.48,3478034.84,65540.9,3828232.89,0.0,0.0,6299.28,28997.49,321873.66,541107.26,0.0,0.0
202604,7370602.06,3421732.27,65272.11,4064285.57,0.0,0.0,6667.11,32464.83,326984.42,552159.56,0.0,0.0
202603,7442903.15,3533664.12,69211.12,4196796.01,0.0,0.0,7367.69,32865.28,346881.81,572564.03,0.0,0.0
202602,6606114.79,2996838.9,63710.34,3342672.09,0.0,0.0,6264.06,26618.21,307053.39,487957.93,0.0,0.0
202601,7021997.69,3170990.34,59302.67,3819653.6,0.0,0.0,7053.84,30801.1,315999.89,511645.82,0.0,0.0
202512,7858999.2,3771628.4,77612.7,4632904.84,0.0,0.0,7934.51,33738.32,360617.75,603920.36,0.0,0.0
202511,7161424.75,3122098.39,61980.91,3565384.27,0.0,0.0,7021.35,29207.65,317968.79,513158.5,0.0,0.0
202510,7262044.71,3315978.67,69508.97,3935395.1,0.0,0.0,8133.43,34584.96,347805.9,570061.34,0.0,0.0
202509,6843677.25,3178872.86,67787.76,3935730.15,0.0,0.0,8401.46,36257.82,349079.13,569213.66,0.0,0.0
202508,6965545.33,3033563.78,64506.6,3700999.64,0.0,0.0,7764.15,34009.59,328959.8,522435.28,0.0,0.0
202507,6671770.9,3055518.75,67192.89,3915166.65,0.0,0.0,8507.87,35797.81,353819.55,564569.38,0.0,0.0
202506,6453692.04,2865951.56,61192.05,3728009.92,0.0,0.0,8217.12,34182.86,338127.37,523439.24,0.0,0.0
202505,6632765.22,2818937.95,64178.98,3799492.18,0.0,0.0,8406.19,35833.8,340006.42,532979.61,0.0,0.0
202607,7975139.94,3800592.19,68602.77,4058803.01,0.0,0.0,6607.51,30011.4,341104.26,577982.13,0.0,0.0
202606,7699815.65,3599270.78,64041.78,4235160.17,0.0,0.0,6693.47,30773.59,340587.57,577082.91,0.0,0.0
202605,7854699.48,3478034.84,65540.9,3828232.89,0.0,0.0,6299.28,28997.49,321873.66,541107.26,0.0,0.0
202604,7370602.06,3421732.27,65272.11,4064285.57,0.0,0.0,6667.11,32464.83,326984.42,552159.56,0.0,0.0
202603,7442903.15,3533664.12,69211.12,4196796.01,0.0,0.0,7367.69,32865.28,346881.81,572564.03,0.0,0.0
202602,6606114.79,2996838.9,63710.34,3342672.09,0.0,0.0,6264.06,26618.21,307053.39,487957.93,0.0,0.0
202601,7021997.69,3170990.34,59302.67,3819653.6,0.0,0.0,7053.84,30801.1,315999.89,511645.82,0.0,0.0
202512,7858999.2,3771628.4,77612.7,4632904.84,0.0,0.0,7934.51,33738.32,360617.75,603920.36,0.0,0.0
202511,7161424.75,3122098.39,61980.91,3565384.27,0.0,0.0,7021.35,29207.65,317968.79,513158.5,0.0,0.0
202510,7262044.71,3315978.67,69508.97,3935395.1,0.0,0.0,8133.43,34584.96,347805.9,570061.34,0.0,0.0
202509,6843677.25,3178872.86,67787.76,3935730.15,0.0,0.0,8401.46,36257.82,349079.13,569213.66,0.0,0.0
202508,6965545.33,3033563.78,64506.6,3700999.64,0.0,0.0,7764.15,34009.59,328959.8,522435.28,0.0,0.0
202507,6671770.9,3055518.75,67192.89,3915166.65,0.0,0.0,8507.87,35797.81,353819.55,564569.38,0.0,0.0
202506,6453692.04,2865951.56,61192.05,3728009.92,0.0,0.0,8217.12,34182.86,338127.37,523439.24,0.0,0.0
202607,7975139.94,3800592.19,68602.77,4058803.01,0.0,0.0,6607.51,30011.4,341104.26,577982.13,0.0,0.0
202606,7699815.65,3599270.78,64041.78,4235160.17,0.0,0.0,6693.47,30773.59,340587.57,577082.91,0.0,0.0
202605,7854699.48,3478034.84,65540.9,3828232.89,0.0,0.0,6299.28,28997.49,321873.66,541107.26,0.0,0.0
202604,7370602.06,3421732.27,65272.11,4064285.57,0.0,0.0,6667.11,32464.83,326984.42,552159.56,0.0,0.0
202603,7442903.15,3533664.12,69211.12,4196796.01,0.0,0.0,7367.69,32865.28,346881.81,572564.03,0.0,0.0
202602,6606114.79,2996838.9,63710.34,3342672.09,0.0,0.0,6264.06,26618.21,307053.39,487957.93,0.0,0.0
202601,7021997.69,3170990.34,59302.67,3819653.6,0.0,0.0,7053.84,30801.1,315999.89,511645.82,0.0,0.0
202512,7858999.2,3771628.4,77612.7,4632904.84,0.0,0.0,7934.51,33738.32,360617.75,603920.36,0.0,0.0
202511,7161424.75,3122098.39,61980.91,3565384.27,0.0,0.0,7021.35,29207.65,317968.79,513158.5,0.0,0.0
202510,7262044.71,3315978.67,69508.97,3935395.1,0.0,0.0,8133.43,34584.96,347805.9,570061.34,0.0,0.0
202509,6843677.25,3178872.86,67787.76,3935730.15,0.0,0.0,8401.46,36257.82,349079.13,569213.66,0.0,0.0
202508,6965545.33,3033563.78,64506.6,3700999.64,0.0,0.0,7764.15,34009.59,328959.8,522435.28,0.0,0.0
202507,6671770.9,3055518.75,67192.89,3915166.65,0.0,0.0,8507.87,35797.81,353819.55,564569.38,0.0,0.0
202607,7975139.94,3800592.19,68602.77,4058803.01,0.0,0.0,6607.51,30011.4,341104.26,577982.13,0.0,0.0
202606,7699815.65,3599270.78,64041.78,4235160.17,0.0,0.0,6693.47,30773.59,340587.57,577082.91,0.0,0.0
202605,7854699.48,3478034.84,65540.9,3828232.89,0.0,0.0,6299.28,28997.49,321873.66,541107.26,0.0,0.0
202604,7370602.06,3421732.27,65272.11,4064285.57,0.0,0.0,6667.11,32464.83,326984.42,552159.56,0.0,0.0
202603,7442903.15,3533664.12,69211.12,4196796.01,0.0,0.0,7367.69,32865.28,346881.81,572564.03,0.0,0.0
202602,6606114.79,2996838.9,63710.34,3342672.09,0.0,0.0,6264.06,26618.21,307053.39,487957.93,0.0,0.0
202601,7021997.69,3170990.34,59302.67,3819653.6,0.0,0.0,7053.84,30801.1,315999.89,511645.82,0.0,0.0
202512,7858999.2,3771628.4,77612.7,4632904.84,0.0,0.0,7934.51,33738.32,360617.75,603920.36,0.0,0.0
202511,7161424.75,3122098.39,61980.91,3565384.27,0.0,0.0,7021.35,29207.65,317968.79,513158.5,0.0,0.0
202510,7262044.71,3315978.67,69508.97,3935395.1,0.0,0.0,8133.43,34584.96,347805.9,570061.34,0.0,0.0
202509,6843677.25,3178872.86,67787.76,3935730.15,0.0,0.0,8401.46,36257.82,349079.13,569213.66,0.0,0.0
202508,6965545.33,3033563.78,64506.6,3700999.64,0.0,0.0,7764.15,34009.59,328959.8,522435.28,0.0,0.0
202607,7975139.94,3800592.19,68602.77,4058803.01,0.0,0.0,6607.51,30011.4,341104.26,577982.13,0.0,0.0
202606,7699815.65,3599270.78,64041.78,4235160.17,0.0,0.0,6693.47,30773.59,340587.57,577082.91,0.0,0.0
202605,7854699.48,3478034.84,65540.9,3828232.89,0.0,0.0,6299.28,28997.49,321873.66,541107.26,0.0,0.0
202604,7370602.06,3421732.27,65272.11,4064285.57,0.0,0.0,6667.11,32464.83,326984.42,552159.56,0.0,0.0
202603,7442903.15,3533664.12,69211.12,4196796.01,0.0,0.0,7367.69,32865.28,346881.81,572564.03,0.0,0.0
202602,6606114.79,2996838.9,63710.34,3342672.09,0.0,0.0,6264.06,26618.21,307053.39,487957.93,0.0,0.0
202601,7021997.69,3170990.34,59302.67,3819653.6,0.0,0.0,7053.84,30801.1,315999.89,511645.82,0.0,0.0
202512,7858999.2,3771628.4,77612.7,4632904.84,0.0,0.0,7934.51,33738.32,360617.75,603920.36,0.0,0.0
202511,7161424.75,3122098.39,61980.91,3565384.27,0.0,0.0,7021.35,29207.65,317968.79,513158.5,0.0,0.0
202510,7262044.71,3315978.67,69508.97,3935395.1,0.0,0.0,8133.43,34584.96,347805.9,570061.34,0.0,0.0
202509,6843677.25,3178872.86,67787.76,3935730.15,0.0,0.0,8401.46,36257.82,349079.13,569213.66,0.0,0.0
202607,7975139.94,3800592.19,68602.77,4058803.01,0.0,0.0,6607.51,30011.4,341104.26,577982.13,0.0,0.0
202606,7699815.65,3599270.78,64041.78,4235160.17,0.0,0.0,6693.47,30773.59,340587.57,577082.91,0.0,0.0
202605,7854699.48,3478034.84,65540.9,3828232.89,0.0,0.0,6299.28,28997.49,321873.66,541107.26,0.0,0.0
202604,7370602.06,3421732.27,65272.11,4064285.57,0.0,0.0,6667.11,32464.83,326984.42,552159.56,0.0,0.0
202603,7442903.15,3533664.12,69211.12,4196796.01,0.0,0.0,7367.69,32865.28,346881.81,572564.03,0.0,0.0
202602,6606114.79,2996838.9,63710.34,3342672.09,0.0,0.0,6264.06,26618.21,307053.39,487957.93,0.0,0.0
202601,7021997.69,3170990.34,59302.67,3819653.6,0.0,0.0,7053.84,30801.1,315999.89,511645.82,0.0,0.0
202512,7858999.2,3771628.4,77612.7,4632904.84,0.0,0.0,7934.51,33738.32,360617.75,603920.36,0.0,0.0
202511,7161424.75,3122098.39,61980.91,3565384.27,0.0,0.0,7021.35,29207.65,317968.79,513158.5,0.0,0.0
202510,7262044.71,3315978.67,69508.97,3935395.1,0.0,0.0,8133.43,34584.96,347805.9,570061.34,0.0,0.0
202607,7975139.94,3800592.19,68602.77,4058803.01,0.0,0.0,6607.51,30011.4,341104.26,577982.13,0.0,0.0
202606,7699815.65,3599270.78,64041.78,4235160.17,0.0,0.0,6693.47,30773.59,340587.57,577082.91,0.0,0.0
202605,7854699.48,3478034.84,65540.9,3828232.89,0.0,0.0,6299.28,28997.49,321873.66,541107.26,0.0,0.0
202604,7370602.06,3421732.27,65272.11,4064285.57,0.0,0.0,6667.11,32464.83,326984.42,552159.56,0.0,0.0
202603,7442903.15,3533664.12,69211.12,4196796.01,0.0,0.0,7367.69,32865.28,346881.81,572564.03,0.0,0.0
202602,6606114.79,2996838.9,63710.34,3342672.09,0.0,0.0,6264.06,26618.21,307053.39,487957.93,0.0,0.0
202601,7021997.69,3170990.34,59302.67,3819653.6,0.0,0.0,7053.84,30801.1,315999.89,511645.82,0.0,0.0
202512,7858999.2,3771628.4,77612.7,4632904.84,0.0,0.0,7934.51,33738.32,360617.75,603920.36,0.0,0.0
202511,7161424.75,3122098.39,61980.91,3565384.27,0.0,0.0,7021.35,29207.65,317968.79,513158.5,0.0,0.0
202607,7975139.94,3800592.19,68602.77,4058803.01,0.0,0.0,6607.51,30011.4,341104.26,577982.13,0.0,0.0
202606,7699815.65,3599270.78,64041.78,4235160.17,0.0,0.0,6693.47,30773.59,340587.57,577082.91,0.0,0.0
202605,7854699.48,3478034.84,65540.9,3828232.89,0.0,0.0,6299.28,28997.49,321873.66,541107.26,0.0,0.0
202604,7370602.06,3421732.27,65272.11,4064285.57,0.0,0.0,6667.11,32464.83,326984.42,552159.56,0.0,0.0
202603,7442903.15,3533664.12,69211.12,4196796.01,0.0,0.0,7367.69,32865.28,346881.81,572564.03,0.0,0.0
202602,6606114.79,2996838.9,63710.34,3342672.09,0.0,0.0,6264.06,26618.21,307053.39,487957.93,0.0,0.0
202601,7021997.69,3170990.34,59302.67,3819653.6,0.0,0.0,7053.84,30801.1,315999.89,511645.82,0.0,0.0
202512,7858999.2,3771628.4,77612.7,4632904.84,0.0,0.0,7934.51,33738.32,360617.75,603920.36,0.0,0.0
202607,7975139.94,3800592.19,68602.77,4058803.01,0.0,0.0,6607.51,30011.4,341104.26,577982.13,0.0,0.0
202606,7699815.65,3599270.78,64041.78,4235160.17,0.0,0.0,6693.47,30773.59,340587.57,577082.91,0.0,0.0
202605,7854699.48,3478034.84,65540.9,3828232.89,0.0,0.0,6299.28,28997.49,321873.66,541107.26,0.0,0.0
202604,7370602.06,3421732.27,65272.11,4064285.57,0.0,0.0,6667.11,32464.83,326984.42,552159.56,0.0,0.0
202603,7442903.15,3533664.12,69211.12,4196796.01,0.0,0.0,7367.69,32865.28,346881.81,572564.03,0.0,0.0
202602,6606114.79,2996838.9,63710.34,3342672.09,0.0,0.0,6264.06,26618.21,307053.39,487957.93,0.0,0.0
202601,7021997.69,3170990.34,59302.67,3819653.6,0.0,0.0,7053.84,30801.1,315999.89,511645.82,0.0,0.0
202607,7975139.94,3800592.19,68602.77,4058803.01,0.0,0.0,6607.51,30011.4,341104.26,577982.13,0.0,0.0
202606,7699815.65,3599270.78,64041.78,4235160.17,0.0,0.0,6693.47,30773.59,340587.57,577082.91,0.0,0.0
202605,7854699.48,3478034.84,65540.9,3828232.89,0.0,0.0,6299.28,28997.49,321873.66,541107.26,0.0,0.0
202604,7370602.06,3421732.27,65272.11,4064285.57,0.0,0.0,6667.11,32464.83,326984.42,552159.56,0.0,0.0
202603,7442903.15,3533664.12,69211.12,4196796.01,0.0,0.0,7367.69,32865.28,346881.81,572564.03,0.0,0.0
202602,6606114.79,2996838.9,63710.34,3342672.09,0.0,0.0,6264.06,26618.21,307053.39,487957.93,0.0,0.0
202607,7975139.94,3800592.19,68602.77,4058803.01,0.0,0.0,6607.51,30011.4,341104.26,577982.13,0.0,0.0
202606,7699815.65,3599270.78,64041.78,4235160.17,0.0,0.0,6693.47,30773.59,340587.57,577082.91,0.0,0.0
202605,7854699.48,3478034.84,65540.9,3828232.89,0.0,0.0,6299.28,28997.49,321873.66,541107.26,0.0,0.0
202604,7370602.06,3421732.27,65272.11,4064285.57,0.0,0.0,6667.11,32464.83,326984.42,552159.56,0.0,0.0
202603,7442903.15,3533664.12,69211.12,4196796.01,0.0,0.0,7367.69,32865.28,346881.81,572564.03,0.0,0.0
202607,7975139.94,3800592.19,68602.77,4058803.01,0.0,0.0,6607.51,30011.4,341104.26,577982.13,0.0,0.0
202606,7699815.65,3599270.78,64041.78,4235160.17,0.0,0.0,6693.47,30773.59,340587.57,577082.91,0.0,0.0
202605,7854699.48,3478034.84,65540.9,3828232.89,0.0,0.0,6299.28,28997.49,321873.66,541107.26,0.0,0.0
202604,7370602.06,3421732.27,65272.11,4064285.57,0.0,0.0,6667.11,32464.83,326984.42,552159.56,0.0,0.0
202607,7975139.94,3800592.19,68602.77,4058803.01,0.0,0.0,6607.51,30011.4,341104.26,577982.13,0.0,0.0
202606,7699815.65,3599270.78,64041.78,4235160.17,0.0,0.0,6693.47,30773.59,340587.57,577082.91,0.0,0.0
202605,7854699.48,3478034.84,65540.9,3828232.89,0.0,0.0,6299.28,28997.49,321873.66,541107.26,0.0,0.0
202607,7975139.94,3800592.19,68602.77,4058803.01,0.0,0.0,6607.51,30011.4,341104.26,577982.13,0.0,0.0
202606,7699815.65,3599270.78,64041.78,4235160.17,0.0,0.0,6693.47,30773.59,340587.57,577082.91,0.0,0.0
202607,7975139.94,3800592.19,68602.77,4058803.01,0.0,0.0,6607.51,30011.4,341104.26,577982.13,0.0,0.0
